run,n,epoch,val,dc_frac,auc_t,m_dc,m_perp
d47_seed0,47,1000,0.004203039120594891,0.02484960476164913,0.554600767791003,0.030494874465413623,0.5305363214503369
d47_seed0,47,2000,0.004849660523763337,0.027502648107914206,0.5708593223224322,0.03984873902678935,0.6585016574925435
d47_seed0,47,3000,0.006466214031684449,0.030428781169494396,0.5927418548326518,0.05080890200923117,0.7002446755146227
d47_seed0,47,4000,0.0072744907856450046,0.033483303038567655,0.6259425707975399,0.06400147831586732,0.712888127571173
d47_seed0,47,5000,0.008082767539605561,0.03788010599744943,0.6501643901253027,0.07957955052192696,0.8184802472241329
d47_seed0,47,6000,0.01066925315227934,0.04255841945755746,0.7108853953919205,0.12045716184637255,0.8829546355016668
d47_seed0,47,7000,0.012447462010992564,0.050432054675208296,0.7982572913254373,0.1973783928780729,0.9325742756307912
d47_seed0,47,8000,0.012447462010992564,0.06296998993200133,0.9042781435583384,0.3553947420967735,0.9340584510349893
d47_seed0,47,9000,0.017782088587132233,0.0699023607849564,0.9707066886357242,0.5520728441281874,0.9800452153954451
d47_seed0,47,10000,0.019398642095053348,0.06837320045953382,0.9891502961778018,0.6310706049863607,0.935521317116789
d47_seed0,47,11000,0.02392499191723246,0.07448725438554486,0.9987919092589621,0.8025340052692601,0.9842715962604716
d47_seed0,47,13000,0.029906239896540576,0.07373291550933765,0.9999035483109621,0.8557475358617576,1.0878416605256058
d47_seed0,47,15000,0.03136113805366958,0.07470666412368274,0.9999479960939288,0.8546369397980715,1.2057444044516727
d47_seed0,47,17000,0.0404138376980278,0.07420606886778967,0.9999626638623079,0.8702356112555026,1.293579208315847
d47_seed0,47,19000,0.04558680892337536,0.07361151991381112,0.9999528853500552,0.8707479688393123,1.3030501396810483
d47_seed0,47,21000,0.05318461041060459,0.07642780132597311,0.9999844432759616,0.8672196643451234,1.4634451516266445
d47_seed0,47,23000,0.05771096023278371,0.0739449800184053,0.9999937773103846,0.864951484946186,1.5286469313123374
d47_seed0,47,25000,0.0633688975105076,0.07295101744842467,0.9999977776108516,0.8609174752729502,1.5839014264520908
d47_seed0,47,27000,0.07339152925961849,0.07297574903118699,0.9999964441773627,0.8556704701299718,1.6407122448194713
d47_seed0,47,29000,0.08309085030714516,0.07362445265474696,0.9999968886551923,0.8538612686311391,1.6936798398365729
d47_seed0,47,31000,0.09036534109279017,0.07380731973900691,0.9999968886551923,0.8487948221326702,1.7463745769268493
d47_seed0,47,33000,0.09763983187843518,0.07413781541536764,0.9999982220886813,0.8418143437171606,1.793052155640237
d47_seed0,47,35000,0.1036210798577433,0.07511119606809509,0.999998666566511,0.8386375100344579,1.8380161143132667
d47_seed0,47,37000,0.11283543485289363,0.0755189527300063,0.999997333133022,0.8324918964280839,1.883382121702344
d47_seed0,47,39000,0.13029421273844163,0.07693058680960135,0.9999982220886813,0.8345788092025069,1.91707189537977
d47_seed0,47,41000,0.14904623343032655,0.07860402175755339,0.9999813319311539,0.8312396750078535,1.9463893133434613
d47_seed0,47,43000,0.17394115745231167,0.08032668888651691,0.9999844432759616,0.8260895035855534,1.99047382348714
d47_seed0,47,45000,0.1986744261235047,0.08232958857505752,0.9999879990985989,0.8333582313528032,2.0289002787361015
d47_seed0,47,47000,0.23423860329776916,0.08422483605157376,0.99998666566511,0.8318484663427407,2.0744029621357445
d47_seed0,47,49000,0.2772389266084707,0.086530776737185,0.9999924438768957,0.8264003528283289,2.116423740564745
d47_seed0,47,51000,0.33672809569996764,0.088102788372145,0.9999946662660439,0.807242716622909,2.1772276839012843
d47_seed0,47,53000,0.43161978661493694,0.09131777654653195,0.9999951107438737,0.7793888960134976,2.2553602268581927
d47_seed0,47,55000,0.5895570643388296,0.09808364464537403,0.9999719978967309,0.7239984493643123,2.3345060047446924
d47_seed0,47,57000,0.8134497251859036,0.10342465382557553,0.999891547409561,0.644170298121924,2.449532028209113
d47_seed0,47,59000,0.9967668929841578,0.12051963015208857,0.9999719978967309,0.59865041103141,2.491218405021868
d47_seed0,47,61000,1.0,0.12311247648091982,1.0,0.6314280848083921,2.654498456407639
d47_seed0,47,63000,1.0,0.12488750207363294,1.0,0.632469664859626,2.6701561413623933
d47_seed0,47,65000,1.0,0.14130485157039477,1.0,0.5986978388648413,2.3501330940784864
d47_seed0,47,67000,1.0,0.15245740214588593,1.0,0.6235671784235993,2.2486950981350424
d47_seed0,47,69000,1.0,0.1703388870617646,1.0,0.6992976014162826,2.322738472635005
d47_seed0,47,71000,1.0,0.16681101747214672,1.0,0.6555882308802901,2.27485689493083
d47_seed0,47,73000,1.0,0.15629624329004826,1.0,0.6385014961717292,2.1761054632183017
d47_seed0,47,75000,1.0,0.1568594887348903,1.0,0.6684264700840002,2.2219551581627113
d47_seed0,47,77000,1.0,0.16277037233393188,1.0,0.665137433291689,2.157045414725191
d47_seed0,47,79000,1.0,0.15966957572360424,1.0,0.6337634346601738,2.16131243462432
d47_seed0,47,-1,1.0,0.12663378723066282,1.0,0.6271163245693313,2.522492322166689
d47_seed1,47,1000,0.0022631749110895573,0.02357521085071374,0.5415833455935135,0.019536487508477342,0.5301153680510488
d47_seed1,47,2000,0.0025864856126737797,0.02572064122349967,0.5572614120793962,0.027173518135930348,0.5961821280949879
d47_seed1,47,3000,0.004203039120594891,0.027363124805953654,0.5803924828131535,0.0361644893058688,0.6210120326798759
d47_seed1,47,4000,0.0072744907856450046,0.03220678077807385,0.6112183537341249,0.05263398658858393,0.6659145858448758
d47_seed1,47,5000,0.007436146136437116,0.03941220068988498,0.6846398685056788,0.09356754234714583,0.704781231326484
d47_seed1,47,6000,0.011639185257032008,0.05426610841985642,0.8794927263425564,0.27363208227669017,0.7103510461222333
d47_seed1,47,7000,0.01697381183317168,0.0676202598167212,0.9498606784242906,0.4445421118372633,0.7180783650227088
d47_seed1,47,8000,0.020530229550598123,0.07322185351431137,0.9598840979611357,0.5017738706684481,0.6964246146956937
d47_seed1,47,9000,0.024409957969608796,0.08110376765186023,0.9615211098078034,0.5958835843492645,0.7797999370269563
d47_seed1,47,10000,0.028289686388619464,0.08175540355037891,0.96129798193731,0.5696965543890146,0.8156286722340182
d47_seed1,47,11000,0.03330100226317491,0.08133743215212988,0.9684034045223842,0.6122662164524819,0.8285133957747806
d47_seed1,47,13000,0.04655674102812803,0.07774537236979083,0.9842441498939254,0.6826600555757549,0.9176777241422459
d47_seed1,47,15000,0.06563207242159716,0.0844066580771297,0.9999813319311539,0.7818647253040596,0.9984995767133672
d47_seed1,47,17000,0.08389912706110572,0.08616948402346862,1.0,0.7806996973565404,1.088230889016531
d47_seed1,47,19000,0.11720012932428063,0.08906724205593525,1.0,0.7764226280195384,1.1610427398722216
d47_seed1,47,21000,0.15098609763983187,0.09059184100741946,1.0,0.8035405463218158,1.2486054226332277
d47_seed1,47,23000,0.18558034270934368,0.0907328449036851,1.0,0.7442896136870313,1.3960770914485285
d47_seed1,47,25000,0.23149046233430326,0.0896550151022235,1.0,0.6985416523775739,1.4992341874066273
d47_seed1,47,27000,0.27643064985451016,0.09093194009190352,1.0,0.6556996647008586,1.584645656816299
d47_seed1,47,29000,0.3333333333333333,0.09207697463021736,1.0,0.598402718062085,1.646085488786494
d47_seed1,47,31000,0.3879728419010669,0.09498785653051454,1.0,0.5544180748891732,1.6848577771280804
d47_seed1,47,33000,0.45311994827028773,0.09937135377215506,1.0,0.5201260977070262,1.715043840660254
d47_seed1,47,35000,0.5193986420950534,0.1042236974680946,1.0,0.4924527825147011,1.741739353328711
d47_seed1,47,37000,0.6068541868735855,0.10987633929183745,1.0,0.46632671264380626,1.7280405606528444
d47_seed1,47,39000,0.7832201745877788,0.11747994981290415,1.0,0.43105033765285894,1.6863618007935335
d47_seed1,47,41000,0.9763983187843518,0.1349002860059726,1.0,0.35406523429891973,1.5235855226879373
d47_seed1,47,43000,0.9967668929841578,0.153319220966799,1.0,0.2742769258658079,1.5454377220612936
d47_seed1,47,45000,1.0,0.12756275830237332,1.0,0.28586025005671817,1.5306814269906757
d47_seed1,47,47000,1.0,0.1490554866332693,1.0,0.25143770341390187,1.5399920459482237
d47_seed1,47,49000,1.0,0.13085199765087,1.0,0.2378035351234016,1.5744517970908785
d47_seed1,47,51000,1.0,0.12241053311887527,1.0,0.25620287422924054,1.4846948280125576
d47_seed1,47,53000,1.0,0.13607334578325914,1.0,0.2628745861648863,1.5548678569089867
d47_seed1,47,55000,1.0,0.1329140341529875,0.999997333133022,0.2565632459879971,1.4943665089173246
d47_seed1,47,57000,1.0,0.11756224282447109,1.0,0.2308241862712543,1.4937090425130295
d47_seed1,47,59000,1.0,0.1407050242602677,1.0,0.24920091899761898,1.5328969816537092
d47_seed1,47,61000,1.0,0.12256843454846301,1.0,0.24215544355389693,1.5140936706697916
d47_seed1,47,63000,0.9988684125444552,0.1555022863117942,1.0,0.2683041914772504,1.510502353917195
d47_seed1,47,65000,1.0,0.13454747889085594,1.0,0.25713158171178085,1.5691965572638946
d47_seed1,47,67000,0.9991917232460394,0.13592643139878344,1.0,0.23749024933507773,1.5891704242799303
d47_seed1,47,69000,1.0,0.12848752231580213,1.0,0.24985308614800236,1.6605634911388785
d47_seed1,47,71000,1.0,0.14474977742941603,1.0,0.24057488335008406,1.6480277340385145
d47_seed1,47,73000,1.0,0.13377948336116352,1.0,0.27116939698141673,1.690157295389295
d47_seed1,47,75000,1.0,0.12758977537579336,1.0,0.2163933846165415,1.6399467458414811
d47_seed1,47,77000,1.0,0.13867723740615373,1.0,0.2608080420135127,1.6164712999644895
d47_seed1,47,79000,1.0,0.1325670585415568,1.0,0.2320545018818709,1.542826641185352
d47_seed1,47,-1,1.0,0.14643086747063183,1.0,0.29218370844188085,1.5745183459291305
d47_seed2,47,1000,0.003556417717426447,0.022083008258531614,0.5487505505969115,0.026806343632397,0.4763896268226997
d47_seed2,47,2000,0.004364694471387003,0.024944861706797463,0.5556732927939921,0.03193479932805778,0.5416022233367036
d47_seed2,47,3000,0.005496281926931782,0.024961846362499093,0.5627124881824457,0.03925453685016842,0.5520977863678368
d47_seed2,47,4000,0.00662786938247656,0.026010053326723605,0.5745373763629357,0.04570515953531627,0.6022626312062538
d47_seed2,47,5000,0.008082767539605561,0.024544554840878533,0.5839291929038225,0.04368471817166473,0.6748574292968488
d47_seed2,47,6000,0.008567733591981895,0.025453425406552294,0.5872796667838607,0.04501098070965184,0.7082478149453033
d47_seed2,47,7000,0.01212415130940834,0.027654400025049354,0.595256710392914,0.05152511227217877,0.7141275423373642
d47_seed2,47,8000,0.014387326220497898,0.029240373105473526,0.6158315891282501,0.06375689176561603,0.7866962740168977
d47_seed2,47,9000,0.015195602974458454,0.03296194708083603,0.6357228609615566,0.073959767061898,0.8227625092388247
d47_seed2,47,10000,0.020691884901390237,0.04162668407519962,0.6733581322330433,0.09564484994172691,0.857383338544773
d47_seed2,47,11000,0.02554154542515357,0.04966876698373672,0.7240166039138051,0.12997977627274088,0.9231706300417555
d47_seed2,47,13000,0.041868735855156804,0.07320462746522555,0.933096308122699,0.3996510218812683,1.0117517453558527
d47_seed2,47,15000,0.06029744584545749,0.08546825202963636,0.9987332381854459,0.695062318730638,1.0485774735189453
d47_seed2,47,17000,0.08373747171031361,0.08877587632638613,0.9999733313302199,0.7638757739236534,1.1172939016525003
d47_seed2,47,19000,0.10281280310378274,0.08668298128140438,0.9999955552217034,0.805499384726496,1.2473719826068348
d47_seed2,47,21000,0.12948593598448108,0.08909439893879102,0.9999991110443407,0.8128505348317725,1.3315630319017064
d47_seed2,47,23000,0.15551244746201098,0.0914573157562217,1.0,0.8160748127427232,1.4076040863393176
d47_seed2,47,25000,0.1813773035887488,0.09558655917310724,0.9999995555221703,0.8228320786170307,1.4686382904089974
d47_seed2,47,27000,0.2132234076947947,0.09962893695698172,0.9999946662660439,0.8211618258170432,1.5329983657974469
d47_seed2,47,29000,0.25088910442935664,0.10175181143133573,0.999990665965577,0.8001362266433745,1.6095937054732417
d47_seed2,47,31000,0.28629162625282895,0.10237537142347768,0.9999951107438737,0.7808204996061753,1.6996335758432433
d47_seed2,47,33000,0.32234076947946977,0.10261180926000897,0.9999964441773627,0.7621094413225237,1.775687737076376
d47_seed2,47,35000,0.35531846104106046,0.10376435250888363,0.9999915549212363,0.7562112185814022,1.8393959706502367
d47_seed2,47,37000,0.4180407371483996,0.10659432403584675,0.999995999699533,0.7642070333581784,1.9145426275137076
d47_seed2,47,39000,0.4943420627222761,0.10892069774246045,0.999998666566511,0.7457545548539471,2.048613455499946
d47_seed2,47,41000,0.6301325573876495,0.11117839322242296,0.9999995555221703,0.7172924156768941,2.229402409481397
d47_seed2,47,43000,0.7997090203685742,0.11484841358816622,0.9999995555221703,0.6570116844029428,2.392381585832662
d47_seed2,47,45000,0.9212738441642419,0.11800366704348066,0.9999871101429396,0.5396136869981635,2.453795391769806
d47_seed2,47,47000,0.965244099579696,0.11864443003449274,0.9999479960939288,0.44901509164041076,2.369999998528035
d47_seed2,47,49000,0.9760750080827676,0.12031681720914449,0.999997333133022,0.3979785297694692,2.3226304502491817
d47_seed2,47,51000,0.9574846427416748,0.12941463507045511,1.0,0.42776898579720773,2.2924988726884306
d47_seed2,47,53000,0.9817329453604914,0.1297477711916464,1.0,0.35980004521505515,2.2613108739342485
d47_seed2,47,55000,0.9739734885224701,0.1168259863299846,1.0,0.42895755331589147,2.289181914638142
d47_seed2,47,57000,0.9856126737795021,0.1274236400208462,1.0,0.3457579681115849,2.2251445830489605
d47_seed2,47,59000,0.9838344649207889,0.12456810896378946,1.0,0.3470739305247386,2.22918384091058
d47_seed2,47,61000,0.9830261881668283,0.10865979816556003,1.0,0.3756103940245196,2.1420295249111976
d47_seed2,47,63000,0.9814096346589072,0.1110618704744857,1.0,0.41565202252831795,2.193682144967189
d47_seed2,47,65000,0.9818946007112835,0.12589559529591585,1.0,0.45332224615260824,2.1909959902744474
d47_seed2,47,67000,0.9754283866795991,0.11556996439271074,1.0,0.43553900750652214,2.1936184160917187
d47_seed2,47,69000,0.9775299062398966,0.12880360025158472,1.0,0.4581258177160756,2.225251566726893
d47_seed2,47,71000,0.9755900420303912,0.12431003692190293,1.0,0.4530711014608625,2.215588513599339
d47_seed2,47,73000,0.9823795667636599,0.12142165475299396,1.0,0.3881563799576064,2.1318968342915725
d47_seed2,47,75000,0.9804397025541546,0.10999112829140142,1.0,0.40814923912532003,2.1786463516300083
d47_seed2,47,77000,0.9788231490462335,0.11091407335930056,1.0,0.40551443956836153,2.115357487003784
d47_seed2,47,79000,0.9770449401875202,0.10814278442355367,1.0,0.4036555435924479,2.1259570559611554
d47_seed2,47,-1,0.9692854833494988,0.12925700102360202,1.0,0.34238275515891975,2.1693437338847494
d47_seed3,47,1000,0.0040413837698027805,0.0534555549281688,0.8312095441835409,0.2513780810463924,0.5245247005686747
d47_seed3,47,2000,0.007597801487229227,0.06427731023698738,0.9673064332387633,0.5286072326752294,0.5936348927386206
d47_seed3,47,3000,0.010830908503071451,0.06346981393593194,0.9980994128003392,0.740148046479572,0.611904480547517
d47_seed3,47,4000,0.012609117361784675,0.06329587341231524,0.9996621968494522,0.8209662228804827,0.694729877942443
d47_seed3,47,5000,0.014710636922082122,0.06415936347982723,0.999867545606759,0.9164509247956257,0.7216729212990106
d47_seed3,47,6000,0.014225670869705788,0.0668372289955059,0.9999333283255498,0.9122429465204644,0.8343664475343848
d47_seed3,47,7000,0.01697381183317168,0.06783857625857471,0.9999857767094507,0.9288841398720064,0.8946158040862939
d47_seed3,47,8000,0.018913676042677012,0.07104082165923434,0.9999955552217034,0.9393948645476233,1.0151606858187305
d47_seed3,47,9000,0.024894924021985128,0.07092594373106899,1.0,0.9518942764057035,1.1180260446499155
d47_seed3,47,10000,0.027319754283866796,0.07139436786814712,1.0,0.9168451519064109,1.230648995502328
d47_seed3,47,11000,0.03281603621079858,0.07257801669752517,0.9999964441773627,0.9217215085160521,1.3005265612749894
d47_seed3,47,13000,0.0475266731328807,0.07401322481474819,0.9999835543203023,0.9122680544913417,1.4079267030279674
d47_seed3,47,15000,0.06175234400258649,0.0756944618711703,0.9999942217882143,0.9002315196407673,1.5035162342216355
d47_seed3,47,17000,0.07613967022308439,0.0769368506608306,0.9999844432759616,0.8814918218198852,1.6059126323133932
d47_seed3,47,19000,0.09893307468477207,0.07721323907840562,0.9999862211872803,0.8666547735052388,1.7108096927756948
d47_seed3,47,21000,0.1356288393145813,0.07768345097599841,0.9999982220886813,0.8404438750913421,1.8406852375327365
d47_seed3,47,23000,0.16779825412221144,0.07984078118744521,0.9999875546207693,0.8292905871948147,1.9417967479868656
d47_seed3,47,25000,0.20012932428063368,0.08148901261531363,0.9999937773103846,0.8149929016704105,2.022842043335576
d47_seed3,47,27000,0.22825735531846103,0.08366454572136536,0.9999822208868133,0.8003728553203194,2.084696265505465
d47_seed3,47,29000,0.2609117361784675,0.08633817866247637,0.9999897770099176,0.7965710349423316,2.1325154507886146
d47_seed3,47,31000,0.29615260265114773,0.08933975570532435,0.9999897770099176,0.801993922852981,2.139918902332732
d47_seed3,47,33000,0.33090850307145164,0.09196774346263523,0.999991999399066,0.798616279555624,2.1631687245863076
d47_seed3,47,35000,0.3621079857743291,0.09494243547122985,0.9999928883547253,0.7937360921165019,2.184748449165499
d47_seed3,47,37000,0.40850307145166503,0.09717770281341677,0.9999955552217034,0.7780015418738638,2.214443528351218
d47_seed3,47,39000,0.44261235046880054,0.09835346432163485,1.0,0.7458427975955116,2.2745091592409103
d47_seed3,47,41000,0.498545101842871,0.1006427780127909,0.999995999699533,0.7408845066698797,2.326833066059905
d47_seed3,47,43000,0.5806660200452635,0.10274872769734211,0.9999773316306869,0.7291120666478096,2.3954265758744415
d47_seed3,47,45000,0.744099579696088,0.10851804800919566,0.9999582190840112,0.6897877105518779,2.454195575670603
d47_seed3,47,47000,0.949078564500485,0.12486769567681096,0.9998488775379129,0.6272410257535128,2.333407714566509
d47_seed3,47,49000,0.9925638538635629,0.12554065738220777,0.9999995555221703,0.5593953199640024,2.4428631741629516
d47_seed3,47,51000,0.9995150339476236,0.12988013951607646,1.0,0.5387107468276778,2.567934277730892
d47_seed3,47,53000,1.0,0.12931277649676487,1.0,0.5138273313739062,2.5737071161172667
d47_seed3,47,55000,0.9951503394762367,0.1430289332933717,1.0,0.5714836966520301,2.7191995649107477
d47_seed3,47,57000,0.9995150339476236,0.1385239199329221,1.0,0.5370905850165676,2.4654572725223614
d47_seed3,47,59000,0.9998383446492078,0.13090802389962217,1.0,0.5238982919618708,2.5171441356717144
d47_seed3,47,61000,1.0,0.1396133662326557,1.0,0.5029261184697862,2.5119328672915846
d47_seed3,47,63000,0.9998383446492078,0.14266657835034488,1.0,0.5566992146392038,2.46611750603076
d47_seed3,47,65000,0.9993533785968316,0.13606713449596258,1.0,0.5293992642145922,2.4826057741270553
d47_seed3,47,67000,0.9998383446492078,0.12566404190557875,1.0,0.5085168725532078,2.520892287614143
d47_seed3,47,69000,0.9906239896540575,0.1313250695842458,1.0,0.5597844757401417,2.7789283196159658
d47_seed3,47,71000,0.9996766892984158,0.12891074030835967,1.0,0.5350694670395894,2.4772674069462073
d47_seed3,47,73000,1.0,0.11812595873889155,1.0,0.5313331481455734,2.39279850489583
d47_seed3,47,75000,1.0,0.11805447708473749,1.0,0.5038051477113942,2.5892248713582493
d47_seed3,47,77000,1.0,0.12879287224938576,1.0,0.5795189851993178,2.497318125361813
d47_seed3,47,79000,0.9998383446492078,0.12068550928098343,1.0,0.5171098811772991,2.441828307717793
d47_seed3,47,-1,1.0,0.13260154758211357,1.0,0.520853872816501,2.5698102895174335
d47_seed4,47,1000,0.001454898157129001,0.020061606662105554,0.5415500097562883,0.022369229051514585,0.4363013929901168
d47_seed4,47,2000,0.0012932428063368898,0.02013420408838082,0.5434723763696029,0.024585403010969262,0.48249837816562074
d47_seed4,47,3000,0.0025864856126737797,0.019924352300672795,0.5449284857395955,0.023131109220640572,0.5231128669337771
d47_seed4,47,4000,0.0032331070158422245,0.02233834023336246,0.5477958122187845,0.0286826717243755,0.5519004404699455
d47_seed4,47,5000,0.0033947623666343357,0.021875441314642856,0.5460899063085183,0.029871188574426118,0.583081943579996
d47_seed4,47,6000,0.004364694471387003,0.01826147919313958,0.5513414118660468,0.027212521132952677,0.6362981917367633
d47_seed4,47,7000,0.004203039120594891,0.018387488412103588,0.5531419915540323,0.028076868646815963,0.6683585840652488
d47_seed4,47,8000,0.005172971225347559,0.01943917563062318,0.5567240383833275,0.029833431755498598,0.7119016677884595
d47_seed4,47,9000,0.005496281926931782,0.02163388946320907,0.5481842858419144,0.029686196199803404,0.6963361317333524
d47_seed4,47,10000,0.0056579372777238925,0.01955934919575522,0.5521090250778836,0.028561679206267825,0.7658617502964404
d47_seed4,47,11000,0.0072744907856450046,0.01554126196797828,0.5546554385640522,0.027010199952548383,0.7885237475254913
d47_seed4,47,13000,0.009052699644358229,0.016677397118687515,0.5463361470261544,0.023605280742239023,0.8624555604793895
d47_seed4,47,15000,0.014225670869705788,0.014471758939581109,0.53927117192358,0.02141927857388041,0.9312889298440242
d47_seed4,47,17000,0.019398642095053348,0.013012194769790025,0.5277116370074019,0.022309562416748824,0.978420797591719
d47_seed4,47,19000,0.030714516650501133,0.008898774483332404,0.5324999966664162,0.023746185408021488,1.107014612079316
d47_seed4,47,21000,0.05657937277723893,0.008613712061853254,0.5225819183752024,0.015763063891277112,1.2453829138467347
d47_seed4,47,23000,0.12609117361784675,0.008055396292004767,0.5210418026954025,0.021603505746624462,1.5096683738289587
d47_seed4,47,25000,0.2592951826705464,0.00815767186226454,0.5222210023775119,0.03583191736942338,1.7017235816196656
d47_seed4,47,27000,0.45829291949563533,0.009034993150452494,0.5147466631938132,0.06233977183221404,1.8064066757792159
d47_seed4,47,29000,0.7010992563853864,0.012042700411528355,0.5105867951859495,0.06653171001926712,1.98854071486257
d47_seed4,47,31000,0.8931458131264145,0.012614040853324437,0.5097471765657065,0.03934539185143032,2.2794737409144514
d47_seed4,47,33000,0.9612027158098934,0.0137130750053456,0.5149724579312847,0.04554613193793242,2.3406000469715154
d47_seed4,47,35000,0.9802780472033624,0.015329941369663367,0.506600718009486,0.06105686088750061,2.261512218708612
d47_seed4,47,37000,0.9930488199159392,0.010615469622581617,0.5053721812882834,0.08828021544001861,2.1624230790117656
d47_seed4,47,39000,0.9957969608794051,0.009691859994634705,0.500901178799652,0.09442306950519139,2.1613195404995866
d47_seed4,47,41000,0.9991917232460394,0.005618154406524914,0.5122780333278366,0.0448378554036569,1.9406887309844554
d47_seed4,47,43000,0.9993533785968316,0.006629866222847156,0.5079785992814572,0.032738814116069534,1.8499525842374342
d47_seed4,47,45000,1.0,0.0064580953801178335,0.5035098191819741,0.03215619016484604,1.7461458747563392
d47_seed4,47,47000,1.0,0.005535266440264038,0.5040814176709273,0.0068044116514402,1.7212596527276145
d47_seed4,47,49000,1.0,0.006180220587373503,0.5003384698672922,0.07114270976665274,1.5881967809741713
d47_seed4,47,51000,0.9998383446492078,0.007536978730631317,0.5033600301533759,0.06151674890039736,1.6171457110789567
d47_seed4,47,53000,0.9993533785968316,0.005379804566434449,0.500372250182347,0.05498594645734632,1.6886112040871126
d47_seed4,47,55000,1.0,0.007235801674836338,0.5045165614661723,0.02554739098900165,1.5653342755935633
d47_seed4,47,57000,1.0,0.005495551220534222,0.5004984818859728,0.01948056721584099,1.5536871075022531
d47_seed4,47,59000,1.0,0.008359482907608155,0.5020079285955257,0.09664608516512961,1.5481135152303225
d47_seed4,47,61000,1.0,0.00840198044952043,0.5024364052233257,0.030506870030590535,1.6484494988675245
d47_seed4,47,63000,1.0,0.00811044595744474,0.5027399835809889,0.06839835768234408,1.556455341784391
d47_seed4,47,65000,1.0,0.0083120571583662,0.5006740506286916,0.04631952291259902,1.5668939729281883
d47_seed4,47,67000,1.0,0.011244716447388482,0.5021999430179422,0.029327126338021814,1.4784352053811913
d47_seed4,47,69000,1.0,0.008389318043949885,0.5035867138465067,0.06857391207213785,1.5311128836590906
d47_seed4,47,71000,1.0,0.009267108027316371,0.5093542581642798,0.030365602401831674,1.5304310742711216
d47_seed4,47,73000,0.9998383446492078,0.009822894198791092,0.5127402902706915,0.021924421454801214,1.4755196255811953
d47_seed4,47,75000,0.9998383446492078,0.009928534457882358,0.5064744863058603,0.05835746585567961,1.4154570783680283
d47_seed4,47,77000,1.0,0.014441044826339622,0.5037316136189784,0.10490612987498817,1.4398046017105852
d47_seed4,47,79000,1.0,0.011136484578491092,0.5009571830061903,0.041455550645199186,1.615734159108981
d47_seed4,47,-1,1.0,0.00618462362289919,0.5051766110432294,0.0292381471873632,1.7701173518894608
d47_seed5,47,1000,0.0022631749110895573,0.026615639075154785,0.5722300919491287,0.03533089760673662,0.5298289226085047
d47_seed5,47,2000,0.002909796314258002,0.028963673991094438,0.5964310208188971,0.046406985205255276,0.6021846262418982
d47_seed5,47,3000,0.004688005172971225,0.03450596850300794,0.6184691205695005,0.06220979382331315,0.6245263761117316
d47_seed5,47,4000,0.0038797284190106693,0.03827297713028402,0.6491065328906926,0.07964018366832659,0.6620180106213382
d47_seed5,47,5000,0.005496281926931782,0.04235296969914089,0.7057023394201609,0.1092895810498159,0.6905294619314901
d47_seed5,47,6000,0.008244422890397672,0.052985457189627674,0.7978763738254118,0.19565202427243988,0.7326786731938734
d47_seed5,47,7000,0.010022631749110895,0.06651727338749155,0.9241120777516177,0.3884813672741886,0.7691075702253265
d47_seed5,47,8000,0.018105399288716458,0.07132061189680577,0.9955632223042531,0.6392205032450561,0.761329809158282
d47_seed5,47,9000,0.02133850630455868,0.07626349630715192,0.9998288760355778,0.8417536755761692,0.8161159493057772
d47_seed5,47,10000,0.02651147752990624,0.07414718789780582,0.9998368766365118,0.7855823188005221,0.870089514266585
d47_seed5,47,11000,0.03216941480763013,0.07710703679080391,0.999995999699533,0.9143308251414255,0.8928137720179805
d47_seed5,47,13000,0.04057549304881992,0.07751735610513982,1.0,0.8812186519219297,0.9926280890591669
d47_seed5,47,15000,0.05609440672486259,0.07670535203886614,1.0,0.8783697523901626,1.0604503040805646
d47_seed5,47,17000,0.07339152925961849,0.08246602692568716,1.0,0.8857088016867416,1.1457137364418588
d47_seed5,47,19000,0.09521500161655351,0.08459400651681058,1.0,0.8715225735800352,1.2165145520794758
d47_seed5,47,21000,0.12221144519883609,0.08484424180213211,1.0,0.8641688853580596,1.301173249712092
d47_seed5,47,23000,0.16391852570320078,0.08594511525929072,1.0,0.846845271929786,1.4130443202777436
d47_seed5,47,25000,0.20950533462657614,0.0892489331243246,1.0,0.8333610694540691,1.5411073356334648
d47_seed5,47,27000,0.27804720336243127,0.09453371056788827,1.0,0.8212775484924908,1.6816747238317906
d47_seed5,47,29000,0.3525703200775946,0.09905636288558942,1.0,0.7861651005611666,1.8278373168356201
d47_seed5,47,31000,0.4182023924991917,0.1035021015871201,1.0,0.75328775441575,1.9050225102083405
d47_seed5,47,33000,0.4655674102812803,0.10856333950501075,0.9999977776108516,0.7223667018392882,1.9356028350183412
d47_seed5,47,35000,0.5024248302618817,0.1138580626637756,0.9999955552217034,0.6994607996022091,1.9472985853987879
d47_seed5,47,37000,0.5316844487552538,0.11865539352468968,0.9999915549212363,0.6737655559699071,1.9393048899227174
d47_seed5,47,39000,0.5423537019075332,0.12054493036500573,0.9999586635618408,0.6557062962960951,1.9362136796281275
d47_seed5,47,41000,0.5546395085677336,0.12093357821254087,0.9999346617590388,0.6323653116793747,1.9360557812620327
d47_seed5,47,43000,0.565470417070805,0.12202421701013526,0.9999159936901927,0.6153259510741949,1.9318284544361055
d47_seed5,47,45000,0.5746847720659554,0.12165373693370725,0.9998999924883247,0.6043397312443167,1.9405290176706715
d47_seed5,47,47000,0.5903653410927902,0.12137694573835464,0.9999239942911268,0.6015041711960377,1.9501227973037785
d47_seed5,47,49000,0.5963465890720983,0.12192906733377634,0.9999182160793411,0.5885181932178618,1.9437454452459673
d47_seed5,47,51000,0.6076624636275461,0.12238987583589331,0.9999671086406046,0.580946827767935,1.9428095069872997
d47_seed5,47,53000,0.6181700614290333,0.12223966139571359,0.9999791095420056,0.5643780535311879,1.9423955296735933
d47_seed5,47,55000,0.6204332363401228,0.12256389330055754,0.9999844432759616,0.5577352928449232,1.946912536911553
d47_seed5,47,57000,0.6246362754607178,0.12268503637445091,0.9999928883547253,0.5531239544855326,1.9522742592636824
d47_seed5,47,59000,0.6312641448431943,0.12348843484269753,0.9999875546207693,0.5544200356765207,1.9466913592762358
d47_seed5,47,61000,0.6332040090526997,0.12376920306272544,0.9999813319311539,0.5504910547875573,1.9395548131222167
d47_seed5,47,63000,0.6404784998383446,0.1246928216049121,0.9999937773103846,0.5431591947345443,1.9276079340165748
d47_seed5,47,65000,0.6461364371160685,0.12520711673119053,0.9999982220886813,0.538935397758671,1.919398450504502
d47_seed5,47,67000,0.6488845780795345,0.1259030598138163,0.9999991110443407,0.5336733052825507,1.9120766481971163
d47_seed5,47,69000,0.6501778208858713,0.12637538834966014,0.9999995555221703,0.5358389562875951,1.9167727482084174
d47_seed5,47,71000,0.651147752990624,0.1264297592387452,0.9999995555221703,0.5416326087470578,1.9265142702003493
d47_seed5,47,73000,0.6568056902683479,0.12627717144359754,0.9999995555221703,0.5420748780519983,1.9381251115488976
d47_seed5,47,75000,0.6718396378920142,0.12752482897421372,1.0,0.5445329536985206,1.9424477772998316
d47_seed5,47,77000,0.7040090526996443,0.13034185053605116,0.9999995555221703,0.5625252762357351,1.9505608783886046
d47_seed5,47,79000,0.7470093760103459,0.1372487926297923,1.0,0.5928431531704975,1.956838518501459
d47_seed5,47,-1,0.7731975428386679,0.1402404014975722,1.0,0.612998685748861,1.9738949926421656
d47_seed6,47,1000,0.0032331070158422245,0.01871352538713842,0.5234499835765442,0.009757027653120098,0.4886730173769739
d47_seed6,47,2000,0.003718073068218558,0.017977622326572504,0.517164178109378,0.008938914857522752,0.5489953519731489
d47_seed6,47,3000,0.00533462657613967,0.017681128412722336,0.5157934084826816,0.006673349342582837,0.5940660450416826
d47_seed6,47,4000,0.006789524733268671,0.01574722915660162,0.5124762704398685,0.006727271009726562,0.6230722567614579
d47_seed6,47,5000,0.008891044293566117,0.013964775321375817,0.5074936739692892,0.0041684664467048415,0.6484905621629364
d47_seed6,47,6000,0.010022631749110895,0.015220062794202974,0.5094680444886749,0.003225685981589784,0.7027193670674683
d47_seed6,47,7000,0.012447462010992564,0.013921424126237838,0.5079457079220617,0.003061344146661736,0.7149974373602126
d47_seed6,47,8000,0.015518913676042677,0.01326882287244741,0.5068300685695948,0.005490662756866603,0.7556444711476494
d47_seed6,47,9000,0.0187520206918849,0.012417968936230633,0.5085195288001633,0.006797252492354991,0.7724393925399134
d47_seed6,47,10000,0.023278370514064017,0.011722117375338343,0.5102587705476544,0.009399116214264668,0.7849220629239669
d47_seed6,47,11000,0.03297769156159069,0.010899484945630871,0.5062691375485536,0.010076931284081044,0.8269150614841341
d47_seed6,47,13000,0.05463950856773359,0.009658821745196059,0.5040703057251856,0.014457121969515398,0.8425790310194788
d47_seed6,47,15000,0.0808276753960556,0.008927341894376287,0.5032342429275799,0.023979504519605985,0.9705170646317725
d47_seed6,47,17000,0.11558357581635952,0.00927399931046781,0.5001864584495458,0.02257124176890417,1.07852427395022
d47_seed6,47,19000,0.19511800840607824,0.010376876842282326,0.5049125912124066,0.05251311637305064,1.2732276484659577
d47_seed6,47,21000,0.4846427416747494,0.011603698253468117,0.5048228066908136,0.09794739167444277,1.7220355335243702
d47_seed6,47,23000,0.8504688005172971,0.015448041529799084,0.5177700013912157,0.10881238632479913,2.1145179672193017
d47_seed6,47,25000,0.9649207888781118,0.02368510076534093,0.5186020638883543,0.044017702946318175,2.293291664844052
d47_seed6,47,27000,0.9831878435176205,0.025808682639783146,0.5149613459855429,0.0458315673071972,2.294674514658944
d47_seed6,47,29000,0.9848043970255416,0.02375861081542121,0.5096422797979048,0.039513873198940015,2.311922805159861
d47_seed6,47,31000,0.9914322664080181,0.018998639371429957,0.5083319591560433,0.016832298518109527,2.311161900746686
d47_seed6,47,33000,0.991270611057226,0.026120816234522733,0.5086293148240912,0.030785425531183516,2.353745280549446
d47_seed6,47,35000,0.9922405431619786,0.03184344868624245,0.5200817305833194,0.046292441649212285,2.154617093036392
d47_seed6,47,37000,0.9904623343032655,0.05804636342836343,0.5389791499894881,0.06173455173404515,2.1076914440651247
d47_seed6,47,39000,0.9909473003556418,0.0595824031305366,0.5207964509334256,0.05007914219805448,2.1199607400229445
d47_seed6,47,41000,0.9907856450048497,0.06338598032821725,0.5338494313572886,0.049501846787560824,2.09117237833299
d47_seed6,47,43000,0.9896540575493049,0.0720551574663453,0.5472815513698585,0.05988615554761474,2.0479155374802662
d47_seed6,47,45000,0.9901390236016813,0.07648026901249108,0.5510978380153887,0.05908772027715588,2.0101663655922652
d47_seed6,47,47000,0.9903006789524733,0.1000242501952504,0.5580432485817823,0.11696221217367524,1.9303555768830039
d47_seed6,47,49000,0.9801163918525703,0.08907041737870068,0.5747169454061216,0.07333752573754357,1.9947097591500857
d47_seed6,47,51000,0.9935337859683155,0.09720808092514462,0.6200061249044928,0.0895967655445653,1.9590351918581073
d47_seed6,47,53000,0.9930488199159392,0.11073252182230212,0.6491465358953628,0.10792892016957509,1.9647522861143243
d47_seed6,47,55000,0.9933721306175234,0.11694790877668006,0.6357126379714743,0.09951680890764995,1.9039565745973563
d47_seed6,47,57000,0.9914322664080181,0.11433096000492166,0.6548625207848945,0.09394359240798195,1.8712322109375588
d47_seed6,47,59000,0.9920788878111866,0.11570965224006817,0.6656406636765162,0.11099608745891652,1.9760060753130169
d47_seed6,47,61000,0.9925638538635629,0.12311358706097601,0.6439728139580262,0.08998538594866158,1.863307389719918
d47_seed6,47,63000,0.991270611057226,0.11230661305665698,0.6799924083186693,0.10823879525475585,1.8539471738667053
d47_seed6,47,65000,0.988360814742968,0.125053917400017,0.6213680049745959,0.10666645016256428,1.936693976672647
d47_seed6,47,67000,0.9940187520206919,0.12275720197055555,0.6878770005391516,0.12349562408364208,1.9136733517640794
d47_seed6,47,69000,0.9933721306175234,0.13021427687735715,0.683029969806621,0.12978110899733733,1.9122663092702732
d47_seed6,47,71000,0.9914322664080181,0.11805501990429819,0.6707157115356664,0.11419400610711702,1.9496886997328968
d47_seed6,47,73000,0.992725509214355,0.1220732833723073,0.6851625744333686,0.112058040133532,1.8799779179809128
d47_seed6,47,75000,0.9917555771096024,0.11889106653317072,0.7092892755055824,0.14087883759763792,1.923310255409111
d47_seed6,47,77000,0.9920788878111866,0.12508657052299668,0.6706112592456944,0.12365004090675277,1.9670553909313855
d47_seed6,47,79000,0.9925638538635629,0.13140972078676255,0.6952837790927408,0.13434275805282136,1.8539622474194548
d47_seed6,47,-1,0.992725509214355,0.12275720197055555,0.6878770005391516,0.12349562408364208,1.9136733517640794
d47_seed7,47,1000,0.0025864856126737797,0.022714587723097292,0.5675364060678335,0.02833581176173239,0.5339351774392999
d47_seed7,47,2000,0.003556417717426447,0.024674404324050877,0.5872072168976248,0.03811525061859559,0.5996410462864951
d47_seed7,47,3000,0.0045263498221791145,0.032241082241222026,0.6035880028322127,0.05149758470397226,0.6058063707998315
d47_seed7,47,4000,0.005981247979308115,0.032892544505811395,0.6185411259779068,0.06150246482419463,0.6585013749529816
d47_seed7,47,5000,0.009699321047526674,0.0362622475914069,0.634896132198374,0.0717211194549481,0.6958432935833553
d47_seed7,47,6000,0.013094083414161009,0.04023020238800268,0.6529254864032009,0.0852710169818097,0.7500973472955242
d47_seed7,47,7000,0.015518913676042677,0.041373770235177465,0.6709752865881926,0.09866362970461114,0.8166089707318082
d47_seed7,47,8000,0.020368574199806012,0.044129094593048764,0.6996796648281582,0.12072094064762169,0.8318526285687219
d47_seed7,47,9000,0.02279340446168768,0.049038663808327214,0.7105609265762628,0.1314386228224445,0.903733343669568
d47_seed7,47,10000,0.02796637568703524,0.05838640607587855,0.7868808812750825,0.21342758865015013,0.9285956456545919
d47_seed7,47,11000,0.03475590042030391,0.06741110060712757,0.8391341394086934,0.2820373546065175,0.9658268609049744
d47_seed7,47,13000,0.047365017782088584,0.08425052463200919,0.9329460746162712,0.46176447997414327,1.0277262246290224
d47_seed7,47,15000,0.06838021338506305,0.09012091099081322,0.9963179456590295,0.6997926961372976,1.0860088426786678
d47_seed7,47,17000,0.0892337536372454,0.0875528507103837,0.9996577520711556,0.8064126602279469,1.1373438484108547
d47_seed7,47,19000,0.10442935661170384,0.08804286770230878,0.9999662196849453,0.8359325977347013,1.1904360055551297
d47_seed7,47,21000,0.12754607177497576,0.09049387609461308,0.9999657752071156,0.8600798548098596,1.2437276485106699
d47_seed7,47,23000,0.14969285483349498,0.09130792615939214,0.9999951107438737,0.859475766798381,1.3100320512331425
d47_seed7,47,25000,0.17103136113805367,0.09287977249438659,0.999997333133022,0.854668391128801,1.3782163522822182
d47_seed7,47,27000,0.20497898480439702,0.09580870423521153,0.999997333133022,0.853917488257772,1.4448734670788599
d47_seed7,47,29000,0.23035887487875847,0.09854414628088053,0.9999995555221703,0.8618597389711413,1.4912162407163474
d47_seed7,47,31000,0.2710960232783705,0.10013936279122371,0.9999991110443407,0.8555621563463836,1.5515315076694485
d47_seed7,47,33000,0.3119948270287747,0.10143341493240093,1.0,0.8393299517759096,1.6371148018770278
d47_seed7,47,35000,0.38441642418364047,0.10458101776958703,1.0,0.8247648076953525,1.7489830411208664
d47_seed7,47,37000,0.49515033947623666,0.11018464899316849,0.9999991110443407,0.8111309674606266,1.8922611325914023
d47_seed7,47,39000,0.6430649854510184,0.11960662900898364,1.0,0.7746015325263901,2.0234022948152917
d47_seed7,47,41000,0.8839314581312642,0.12792390579839688,0.9999546632613738,0.6566577728209847,2.177596356017981
d47_seed7,47,43000,0.988360814742968,0.13629138418273143,1.0,0.5156163114115442,2.1340596623147365
d47_seed7,47,45000,1.0,0.14665110214506008,1.0,0.4060433639124117,2.0648836663506778
d47_seed7,47,47000,1.0,0.15543915243735096,1.0,0.2888003474589251,2.002826736618764
d47_seed7,47,49000,1.0,0.1796291938106308,1.0,0.2579472676204797,1.951262561047217
d47_seed7,47,51000,1.0,0.18067317807937916,1.0,0.2587945443418491,1.9522733553363698
d47_seed7,47,53000,1.0,0.17960560122972732,1.0,0.25996743607663975,1.951995047528141
d47_seed7,47,55000,1.0,0.1792466124253383,1.0,0.2605934291639192,1.9516058386497654
d47_seed7,47,57000,1.0,0.17981738536111272,1.0,0.26101903564428924,1.95145359772516
d47_seed7,47,59000,1.0,0.18117794418661665,1.0,0.2602811764966541,1.950658863242683
d47_seed7,47,61000,1.0,0.18240968264693228,1.0,0.26113941762872955,1.9506874878585698
d47_seed7,47,63000,1.0,0.18283393270624493,1.0,0.2606285413945256,1.9505006122514001
d47_seed7,47,65000,1.0,0.1829116650226969,1.0,0.26028366967468874,1.9504465094173402
d47_seed7,47,67000,1.0,0.18287969902684037,1.0,0.25989461099297106,1.950651356688398
d47_seed7,47,69000,1.0,0.1828857881261545,1.0,0.25972796589798264,1.950558011084815
d47_seed7,47,71000,1.0,0.18302520789197935,1.0,0.26097461559979074,1.9508050987661958
d47_seed7,47,73000,1.0,0.18328686540742173,1.0,0.26220302236075016,1.9498298522315527
d47_seed7,47,75000,1.0,0.18281631680279678,1.0,0.26077470586881746,1.9505074652241527
d47_seed7,47,77000,1.0,0.1829316823469724,1.0,0.2608730217094979,1.95008609535188
d47_seed7,47,79000,1.0,0.18313523772749374,1.0,0.26205470765199207,1.9504905741258
d47_seed7,47,-1,1.0,0.1453350090864922,1.0,0.416330125188567,2.071367672127746
d47_seed8,47,1000,0.0011315874555447786,0.025824111709132333,0.5850554997242015,0.03878145291535551,0.5222501460218368
d47_seed8,47,2000,0.0019398642095053346,0.028908146705810826,0.599857944885638,0.047235568383937616,0.6119993356564084
d47_seed8,47,3000,0.002909796314258002,0.03738373524783849,0.6271426609376438,0.06655089469702112,0.6839182359983592
d47_seed8,47,4000,0.003718073068218558,0.04008183176949265,0.6552589950089585,0.08366674826149989,0.7592484882228714
d47_seed8,47,5000,0.006466214031684449,0.04663588680196289,0.7061250378361752,0.117864074309993,0.8480646599148952
d47_seed8,47,6000,0.008082767539605561,0.05350394951883623,0.8167857941329816,0.22621362059268615,0.9281983418777379
d47_seed8,47,7000,0.012932428063368898,0.06491058697432256,0.9665490430170088,0.503195152983359,1.0007553283237316
d47_seed8,47,8000,0.01826705463950857,0.0671149207877476,0.9992706118815147,0.7619110497935884,1.0408212842398747
d47_seed8,47,9000,0.022146783058519238,0.07101683346617708,0.9998879915869237,0.8127579263168879,1.1396095358766265
d47_seed8,47,10000,0.03443258971871969,0.0674115193276707,0.999985332231621,0.8420150052860167,1.2128705676271687
d47_seed8,47,11000,0.04009052699644358,0.07287950721751703,0.9999977776108516,0.8784074068773093,1.334508733236901
d47_seed8,47,13000,0.0662786938247656,0.07258199362366029,1.0,0.8889485277016012,1.3735838770907822
d47_seed8,47,15000,0.09101196249595861,0.07715044226204336,1.0,0.9000733092656689,1.567136626802908
d47_seed8,47,17000,0.13174911089557065,0.0774949079753124,0.9999977776108516,0.8824794624816998,1.6955485810199438
d47_seed8,47,19000,0.18380213385063046,0.08129692276446213,0.9999982220886813,0.866797198208524,1.8427598086263914
d47_seed8,47,21000,0.25250565793727775,0.08329206507698944,1.0,0.8382326362525349,1.9536814625857035
d47_seed8,47,23000,0.35354025218234725,0.08694256068499219,1.0,0.8030465807587582,2.0497668975324514
d47_seed8,47,25000,0.4945037180730682,0.09161314167553149,1.0,0.749705483646938,2.10800939436708
d47_seed8,47,27000,0.6710313611380536,0.09724621657107319,1.0,0.705356624452897,2.1619841059200793
d47_seed8,47,29000,0.9081797607500808,0.10794494167330351,1.0,0.6951656320824748,2.298836832555779
d47_seed8,47,31000,0.9836728095699968,0.12286021972063554,1.0,0.721979809129441,2.395080835497105
d47_seed8,47,33000,0.9925638538635629,0.128859646517218,1.0,0.7051923186710815,2.3957609587313655
d47_seed8,47,35000,0.9978984804397025,0.13288084748967635,1.0,0.6991445059696733,2.402389844436838
d47_seed8,47,37000,0.9987067571936631,0.12004978445118127,1.0,0.6690053115617681,2.4041417474698865
d47_seed8,47,39000,0.9917555771096024,0.12757662801789577,1.0,0.6064423150115942,2.407739388188198
d47_seed8,47,41000,0.9980601357904947,0.1232857625611361,1.0,0.6310066708151302,2.426954395093851
d47_seed8,47,43000,0.9990300678952473,0.13889458725637369,1.0,0.7404991260260944,2.521786866671836
d47_seed8,47,45000,0.9983834464920789,0.13513299946567295,1.0,0.7277235936647924,2.4862594234518016
d47_seed8,47,47000,0.9978984804397025,0.13933483443597824,1.0,0.7125467952907387,2.3346369013770243
d47_seed8,47,49000,0.9988684125444552,0.14331654061666008,1.0,0.6678514306382555,2.364149896946784
d47_seed8,47,51000,0.9993533785968316,0.1536351330805168,1.0,0.7400636428534826,2.4343746698668123
d47_seed8,47,53000,0.9990300678952473,0.1531756719300844,1.0,0.7306893308608854,2.4857263880563805
d47_seed8,47,55000,0.9991917232460394,0.13921782427730545,1.0,0.7211583728645901,2.453508269423678
d47_seed8,47,57000,0.9983834464920789,0.13985694080880592,1.0,0.6880598582313231,2.447463041962856
d47_seed8,47,59000,0.9848043970255416,0.13724059903273422,1.0,0.5285376762898318,2.3659885663778306
d47_seed8,47,61000,0.9987067571936631,0.13703023868983508,1.0,0.7441091074455423,2.5311898708626472
d47_seed8,47,63000,0.9988684125444552,0.13579579613309123,1.0,0.7063392049303518,2.4647257747044704
d47_seed8,47,65000,0.9988684125444552,0.13572122915176504,1.0,0.7083210190472716,2.487431431395604
d47_seed8,47,67000,0.9901390236016813,0.13805581642937156,1.0,0.5553184570302233,2.411309887157228
d47_seed8,47,69000,0.9983834464920789,0.13671475033878175,1.0,0.7011680843915441,2.534717535386974
d47_seed8,47,71000,0.9990300678952473,0.14254814249609613,1.0,0.7115342707099974,2.54457245277295
d47_seed8,47,73000,0.998545101842871,0.14302267521288076,1.0,0.7041297283388607,2.4830521953660116
d47_seed8,47,75000,0.965244099579696,0.13512740939711912,1.0,0.5796562570884553,2.417965189778422
d47_seed8,47,77000,0.9990300678952473,0.1419753559293796,1.0,0.7156579398757279,2.5326246218070736
d47_seed8,47,79000,0.9983834464920789,0.1463224530227961,1.0,0.7070656867856008,2.5209483246890754
d47_seed8,47,-1,0.9983834464920789,0.1579774290288604,1.0,0.6850841176114817,2.370839008132254
d47_seed9,47,1000,0.003556417717426447,0.030628879852532338,0.6002739761342074,0.043076375105327844,0.49178594683542964
d47_seed9,47,2000,0.006466214031684449,0.03474477691617102,0.6424526997805613,0.06723655902211374,0.5632480827771593
d47_seed9,47,3000,0.006142903330100227,0.04035452003361744,0.7253927072744575,0.11836444789259289,0.5747423005757649
d47_seed9,47,4000,0.00937601034594245,0.06122358055835727,0.9327140571891844,0.3504340162616692,0.6007885637426978
d47_seed9,47,5000,0.015033947623666343,0.07490447494575178,0.9972926855394917,0.6921791196344302,0.6105281302975636
d47_seed9,47,6000,0.01859036534109279,0.07499977671114742,0.9997235347899465,0.7590551469532721,0.6655524724423094
d47_seed9,47,7000,0.024571613320400906,0.07322963623172876,0.9999911104434066,0.8319776918879084,0.6816629545141407
d47_seed9,47,8000,0.029582929194956354,0.07555196414817625,0.9999977776108516,0.8526263259385882,0.764061043404209
d47_seed9,47,9000,0.03362431296475913,0.07669491391590852,1.0,0.9238895580720905,0.7908296379939943
d47_seed9,47,10000,0.04154542515357258,0.07486473544967374,0.9999995555221703,0.8246981648576381,0.8522335245297663
d47_seed9,47,11000,0.05286129970902037,0.0797445671112143,1.0,0.8835567519542393,0.9543767061684986
d47_seed9,47,13000,0.08503071451665051,0.08160970354964864,1.0,0.8617900186831314,1.1352678019915021
d47_seed9,47,15000,0.13045586808923376,0.08911781589297278,1.0,0.8638121316571251,1.31910276708452
d47_seed9,47,17000,0.18655027481409633,0.09291971863819765,0.9999991110443407,0.8384990719329677,1.4912237280485952
d47_seed9,47,19000,0.28564500484966054,0.09552311881670529,1.0,0.8113154078666003,1.691445937589618
d47_seed9,47,21000,0.49660523763336567,0.10298529922184392,1.0,0.7652536810031052,1.896615877661931
d47_seed9,47,23000,0.8850630455868089,0.12009245107849897,1.0,0.6485876306599785,2.10960259345185
d47_seed9,47,25000,0.9940187520206919,0.13197446370861776,1.0,0.5001519197636778,2.1072420463123023
d47_seed9,47,27000,0.9996766892984158,0.12987823575524327,1.0,0.4793453584877774,2.0022587259336326
d47_seed9,47,29000,1.0,0.136146662685199,1.0,0.39307412483391385,1.8780809969503753
d47_seed9,47,31000,1.0,0.12933224068784502,1.0,0.3731426111499073,1.820050371818376
d47_seed9,47,33000,0.9993533785968316,0.15996337748819486,1.0,0.3699412773167061,1.8181176899324445
d47_seed9,47,35000,0.9998383446492078,0.15220351368588128,1.0,0.4345864787763794,1.8072347108089486
d47_seed9,47,37000,0.9998383446492078,0.16425510824093872,1.0,0.38666637087405886,1.785634045851635
d47_seed9,47,39000,1.0,0.1467802194363872,1.0,0.33954548183647343,1.776962385108842
d47_seed9,47,41000,0.9996766892984158,0.1642602213766073,1.0,0.34937978280521065,1.7806829825249655
d47_seed9,47,43000,1.0,0.15228170710073485,1.0,0.4302651110888463,1.8275870059475667
d47_seed9,47,45000,1.0,0.15213304791803664,1.0,0.34591283854734584,1.8209523068547333
d47_seed9,47,47000,1.0,0.13365758182584,1.0,0.33560496587636257,1.7969207754111678
d47_seed9,47,49000,1.0,0.13876426690345373,1.0,0.42590120564184364,1.8032900539691648
d47_seed9,47,51000,1.0,0.14768440056837845,1.0,0.3873226837357505,1.8093010298639554
d47_seed9,47,53000,1.0,0.1304681447560052,1.0,0.36821680231774023,1.776251015717062
d47_seed9,47,55000,1.0,0.14197754219504352,1.0,0.34007180635482054,1.7808641039157271
d47_seed9,47,57000,1.0,0.1549467335632763,1.0,0.37459346268744986,1.7187354400565698
d47_seed9,47,59000,1.0,0.1509375993226466,1.0,0.36191769565297366,1.764995100270399
d47_seed9,47,61000,1.0,0.13415056306713605,1.0,0.33583034788414207,1.7392014744553177
d47_seed9,47,63000,1.0,0.146480292163575,1.0,0.40807016997295,1.7520744975582894
d47_seed9,47,65000,1.0,0.13886391895635927,1.0,0.3659089786641019,1.7679314097657124
d47_seed9,47,67000,1.0,0.11540602091632365,1.0,0.3406406797741758,1.7392137779514814
d47_seed9,47,69000,0.9977368250889105,0.13117703983612924,1.0,0.31933012594139715,1.77618706429671
d47_seed9,47,71000,1.0,0.13453464054120526,1.0,0.3886415738094744,1.7699428572071907
d47_seed9,47,73000,1.0,0.11729080635556978,1.0,0.36685394702876406,1.771100877314646
d47_seed9,47,75000,1.0,0.13049206109353115,1.0,0.34913760980094427,1.7452816900798824
d47_seed9,47,77000,0.9998383446492078,0.14621319657618662,1.0,0.3369811586143001,1.7808140301245639
d47_seed9,47,79000,1.0,0.13635489396641562,1.0,0.36965451483357115,1.7477569307918526
d47_seed9,47,-1,0.9987067571936631,0.12970398454159004,1.0,0.45918905210234134,1.9705580205845248
d61_seed0,61,1000,0.007774258566081198,0.014730504778558369,0.5417304454649052,0.01236440174380778,0.6650897808336494
d61_seed0,61,2000,0.009693828582397543,0.014830767284122259,0.5418424472569339,0.01296411572797741,0.7844056974457572
d61_seed0,61,3000,0.013053076110951146,0.015705282682692518,0.544853162095038,0.01358325827650098,0.8437050346267221
d61_seed0,61,4000,0.015164603128899126,0.014788290454565884,0.5434104723453353,0.013917579716240212,0.9313121640343509
d61_seed0,61,5000,0.019291678663979267,0.01453128292434809,0.5503136939079915,0.016228686548643633,1.033295251205925
d61_seed0,61,6000,0.027353872732507917,0.013772770192752932,0.552523951494335,0.019721883956958817,1.077082597174099
d61_seed0,61,7000,0.03589595930511565,0.014210563837413506,0.5490958966454574,0.015984661534621934,1.2067843974189703
d61_seed0,61,8000,0.048085228908724444,0.013532129342076532,0.5450651654870923,0.013699255698734227,1.309179034449568
d61_seed0,61,9000,0.06756886457433535,0.011250807547929745,0.543078911484806,0.016255859412285138,1.4089550635279693
d61_seed0,61,10000,0.09837796333621268,0.009159997822203912,0.5424073451841896,0.018259118516118802,1.5204663654175095
d61_seed0,61,11000,0.15855648334773012,0.00889311675238418,0.5350370050365251,0.0261403885065657,1.6003675241565054
d61_seed0,61,13000,0.3600153565601305,0.004347267401545733,0.5321476254731187,0.04806222060682459,1.832500334825923
d61_seed0,61,15000,0.6120548997024666,0.00329361121183006,0.5361685786972592,0.0602572246602041,1.9248531630884387
d61_seed0,61,17000,0.9035416066801036,0.0028191597662223043,0.5610703104583007,0.08772250392898112,1.971050607211272
d61_seed0,61,19000,0.9955849889624724,0.005815581385989503,0.5332569765560693,0.09586769716859715,2.102293186802425
d61_seed0,61,21000,0.9987522794893944,0.008874603754683347,0.53230451687227,0.08834386131703792,1.8427586370336804
d61_seed0,61,23000,0.9998080429983683,0.010927704866742157,0.5109837312952563,0.08478809617528538,1.6493951541580452
d61_seed0,61,25000,0.9999040214991842,0.010721222686224014,0.5240661628363832,0.05028722875833593,1.5477589143941983
d61_seed0,61,27000,1.0,0.008452215476302425,0.5140855587022726,0.10224610072703272,1.3296806082073087
d61_seed0,61,29000,1.0,0.00709033912058132,0.5053036404138022,0.102536183877681,1.2198370368272837
d61_seed0,61,31000,1.0,0.010357000757988458,0.5098757135669726,0.1010840613462046,1.0441516522047931
d61_seed0,61,33000,1.0,0.009771349129819105,0.5096254873411308,0.058487405810752874,1.035744528790687
d61_seed0,61,35000,1.0,0.015206859883798534,0.5053614191160392,0.05119137558539317,1.0351265047055729
d61_seed0,61,37000,1.0,0.012874259986259544,0.5086165823097614,0.051330333106324434,1.0747215373165488
d61_seed0,61,39000,1.0,0.016907084669507796,0.5002631153209562,0.022460592122499633,0.9878604501337878
d61_seed0,61,-1,1.0,0.009095247586120785,0.5210354476782739,0.07528594487092105,1.6593089650962847
d61_seed1,61,1000,0.0035512045301852387,0.017488380613115084,0.5450838324524303,0.02474369216211611,0.5697269302321651
d61_seed1,61,2000,0.004702946539975046,0.01741677614207037,0.5518457184203837,0.029456398622458007,0.6704451562778646
d61_seed1,61,3000,0.006430559554659756,0.017781745102708576,0.5531435169629381,0.03311026731799076,0.7168736866143259
d61_seed1,61,4000,0.008542086572607736,0.016875659878787266,0.5504919189818148,0.03145716099084232,0.8062699116359608
d61_seed1,61,5000,0.010269699587292446,0.01627876060892862,0.5489372274400834,0.03157440202485912,0.9110576517206674
d61_seed1,61,6000,0.014876667626451675,0.014790084388185654,0.5503136939079915,0.03331461883165209,0.9744727932291225
d61_seed1,61,7000,0.01852385065745273,0.014398359735374908,0.5455696180027769,0.0298348009817394,1.0686036259115759
d61_seed1,61,8000,0.02562625971782321,0.013713532594416279,0.542155341152125,0.026536056173661195,1.1731394023276904
d61_seed1,61,9000,0.034840195796141664,0.012292909560616945,0.5398841937026548,0.01714633622559468,1.270319985808388
d61_seed1,61,10000,0.04683750839811882,0.010927139397081169,0.5355592356144365,0.019490289432702833,1.4476431058597967
d61_seed1,61,11000,0.0722718111143104,0.009463584155082763,0.5398179704208601,0.024729591953413167,1.5376257449915471
d61_seed1,61,13000,0.1641232363950475,0.007231425504944832,0.5467043028244007,0.028654431019987346,1.890468668274761
d61_seed1,61,15000,0.594010941549093,0.005081774621609381,0.5463985201541003,0.053375076775348085,2.2828004284364756
d61_seed1,61,17000,1.0,0.004012933307272017,0.5050209692243965,0.08367230268007617,2.3897764344757264
d61_seed1,61,19000,1.0,0.010018819482640466,0.5138797776319977,0.12159059963664674,2.267382873562814
d61_seed1,61,21000,1.0,0.0027551821150220597,0.5228110316431729,0.09983314465684451,2.305279257303276
d61_seed1,61,23000,1.0,0.009165065932680506,0.5254986302003054,0.22215819534517497,2.085551746347187
d61_seed1,61,25000,1.0,0.002483640590677862,0.5047382980349908,0.07296731008417635,2.1977475468955414
d61_seed1,61,27000,1.0,0.007974821013092506,0.5060560968975504,0.12117436643329862,2.134636043699482
d61_seed1,61,29000,1.0,0.007349443334285572,0.5000546675413473,0.16508171273426075,2.2514095021085643
d61_seed1,61,31000,1.0,0.008947441008103081,0.5017938064786814,0.05006934649138211,2.2608887864076195
d61_seed1,61,33000,1.0,0.006325173480620541,0.520931890465803,0.09396509195486245,2.3436193102038088
d61_seed1,61,35000,1.0,0.007747837748735459,0.5198914293739811,0.16929308941568452,2.0600754986054786
d61_seed1,61,37000,1.0,0.007170082522748826,0.5230305907116736,0.16815226472464792,2.1578772953592447
d61_seed1,61,39000,1.0,0.010318316952181897,0.5056809797845654,0.037588746337163796,2.194566097383941
d61_seed1,61,-1,1.0,0.0037667684937299282,0.502059144057416,0.08832344212804846,2.430744659572392
d61_seed2,61,1000,0.002687398022842883,0.019834323018173006,0.5709215791897114,0.03239416432623583,0.5947454842537251
d61_seed2,61,2000,0.004415011037527594,0.024362794490181132,0.6137129305179994,0.05091732749836306,0.6715534823750003
d61_seed2,61,3000,0.005374796045685766,0.0329563814758968,0.70602862979141,0.10185179670866361,0.7601391177886797
d61_seed2,61,4000,0.011325463096266437,0.055236009670428035,0.9712648735713105,0.465884170712412,0.807080320828776
d61_seed2,61,5000,0.019291678663979267,0.06154279863970815,0.999827997247956,0.7499588784277624,0.897725828786621
d61_seed2,61,6000,0.025434302716191574,0.062177244522149594,0.9999951110328876,0.8225003978381971,0.9824961168758916
d61_seed2,61,7000,0.03186486227085133,0.06562125627030901,1.0,0.933799069845369,1.1018448076691565
d61_seed2,61,8000,0.040023034840195794,0.06340324740222131,0.9999964443875546,0.8547260069954303,1.2480952331505164
d61_seed2,61,9000,0.05537959497072656,0.06336385448225579,1.0,0.8860999491046911,1.4053804977016369
d61_seed2,61,10000,0.06929647758902006,0.06358797482735636,1.0,0.8829508630726826,1.5180749840146182
d61_seed2,61,11000,0.08522890872444572,0.06428149801534402,1.0,0.8777360437259563,1.6238608045483967
d61_seed2,61,13000,0.13446587964295997,0.06700792019812447,1.0,0.8656170960430104,1.7995311611894946
d61_seed2,61,15000,0.21662347634129955,0.07162010973764843,1.0,0.8561530823107217,1.9742902330904095
d61_seed2,61,17000,0.38007486323063633,0.07806615538121618,1.0,0.8285946050272354,2.1725195371304853
d61_seed2,61,19000,0.6986275074383338,0.09314918244277477,1.0,0.7961376276905473,2.379891349312182
d61_seed2,61,21000,0.9593051156540935,0.1116727092049986,1.0,0.7670038030557871,2.3680407064577915
d61_seed2,61,23000,0.9959689029657357,0.12639191450741527,1.0,0.6816477967027079,2.276296942271038
d61_seed2,61,25000,0.998464343986947,0.1439335393267246,1.0,0.6144243231898745,2.246897009212693
d61_seed2,61,27000,0.9999040214991842,0.19267705819015307,1.0,0.6042106141647173,2.20142093823197
d61_seed2,61,29000,1.0,0.2037929010369082,1.0,0.5761047903232797,2.0921064346482514
d61_seed2,61,31000,1.0,0.2050852709500273,1.0,0.5954481386783215,2.188187983059628
d61_seed2,61,33000,1.0,0.20157770564615993,1.0,0.5867569383566623,2.170067493545417
d61_seed2,61,35000,1.0,0.20027362751716318,1.0,0.6041600407965061,2.130667745028777
d61_seed2,61,37000,1.0,0.20115291764386092,1.0,0.599014959445794,2.1146456264833935
d61_seed2,61,39000,1.0,0.20308619544888223,1.0,0.5929514423952706,2.0753511573640893
d61_seed2,61,-1,1.0,0.2120614731090471,1.0,0.5889842757389677,2.0960686660494106
d61_seed3,61,1000,0.003743161531816873,0.028483959969671364,0.6094439733257955,0.050399327704294804,0.6656709453017213
d61_seed3,61,2000,0.005566753047317401,0.03868639466278854,0.7647189021691013,0.1492520695253193,0.8203605656131375
d61_seed3,61,3000,0.01401286111910932,0.058443260055060474,0.9771360786217024,0.5773533199693263,0.8967198701442091
d61_seed3,61,4000,0.017660044150110375,0.06145918567742386,0.9998928871750837,0.8754468318400462,1.0057975831204826
d61_seed3,61,5000,0.0272578942316921,0.06261507744154846,0.9999791107768835,0.8427359395364962,1.105175062424352
d61_seed3,61,6000,0.03848737882714272,0.06343421798205735,1.0,0.941617606716795,1.2608959443080001
d61_seed3,61,7000,0.051732411939725505,0.06241673006914048,0.999997333290666,0.8317584574281385,1.382406144418906
d61_seed3,61,8000,0.06804875707841443,0.062180021481955304,0.9999991110968887,0.8623056523261858,1.5460360470547614
d61_seed3,61,9000,0.08590075823015644,0.06357233439583833,0.9999977777422216,0.8447543495923322,1.6186526481143357
d61_seed3,61,10000,0.10192916786639793,0.06414500682131027,0.9999991110968887,0.8285304772769548,1.5754613494580334
d61_seed3,61,11000,0.12937901909972166,0.06673106136263575,1.0,0.841731123355247,1.7598825229933948
d61_seed3,61,13000,0.19761973317976772,0.06635269683947982,1.0,0.8122729670722144,1.981553268923997
d61_seed3,61,15000,0.30281217007390343,0.06792295875860165,1.0,0.7784361736473631,2.2113969152205235
d61_seed3,61,17000,0.4582013628947116,0.07357413430600457,1.0,0.7700303564052322,2.4214274448211994
d61_seed3,61,19000,0.7112006910452059,0.0805346426642704,1.0,0.6957046074759449,2.718587038019224
d61_seed3,61,21000,0.8631346578366446,0.08775316021853106,1.0,0.6080243503189184,2.7440847619884297
d61_seed3,61,23000,0.9196659948171609,0.09118294212326204,1.0,0.6249975516012076,3.064086502763084
d61_seed3,61,25000,0.9450043190325367,0.09410345398503776,1.0,0.5958692066916336,2.9755248929877336
d61_seed3,61,27000,0.9613206641712256,0.09347290382594482,1.0,0.534323926441928,2.8149943918041784
d61_seed3,61,29000,0.9707265572511757,0.09405314153829049,1.0,0.47435843807847244,2.666112705378897
d61_seed3,61,31000,0.9697667722430175,0.09447812312793372,1.0,0.46957077989277385,2.569668896717312
d61_seed3,61,33000,0.973221998272387,0.09938200895003574,1.0,0.43681303824320744,2.4710777795284655
d61_seed3,61,35000,0.9777329878107304,0.10271940058108378,0.9999995555484443,0.3871475464948538,2.2644359666416722
d61_seed3,61,37000,0.9826278913523371,0.11120464125351605,1.0,0.39726861015788584,2.2079555579236065
d61_seed3,61,39000,0.9783088588156253,0.10671625465196904,1.0,0.40441942091892347,2.354537058966771
d61_seed3,61,-1,0.9809002783376524,0.11120464125351605,1.0,0.39726861015788584,2.2079555579236065
d61_seed4,61,1000,0.0012477205106056243,0.014116709889383674,0.5231465925677034,0.01136515019091485,0.5564114338481818
d61_seed4,61,2000,0.0024954410212112486,0.014334888942018656,0.522827031899177,0.012688319468595092,0.650142291587554
d61_seed4,61,3000,0.002687398022842883,0.014721292056142508,0.5289284628554057,0.01763470810500779,0.7255743619723372
d61_seed4,61,4000,0.0034552260293694214,0.014750437049222024,0.527273325262093,0.01702998610769909,0.8108077634632777
d61_seed4,61,5000,0.003935118533448507,0.014010029507320953,0.5278173339662323,0.020373655856137877,0.9129118792692296
d61_seed4,61,6000,0.006238602553028122,0.01364893056062181,0.5335992042539347,0.025127841151130727,1.02817788483865
d61_seed4,61,7000,0.008446108071791919,0.013234675359145829,0.5330591956137964,0.026477438765971768,1.1628576214463886
d61_seed4,61,8000,0.009693828582397543,0.011492375404711281,0.5307973816469952,0.026552745971704386,1.3059502624179142
d61_seed4,61,9000,0.012573183606872061,0.010479387132109804,0.5307316028167561,0.02728072009615614,1.3992756859374864
d61_seed4,61,10000,0.015260581629714944,0.008501421991302749,0.5321947373380196,0.028885651627638155,1.5299111355585306
d61_seed4,61,11000,0.019579614166426722,0.008423386232179652,0.5307213804309758,0.027960185116245834,1.7359992713039476
d61_seed4,61,13000,0.03445628179287839,0.006906992394858638,0.5228003648058369,0.02558064863762143,1.9103329866031433
d61_seed4,61,15000,0.06651310106536136,0.0061588853005325956,0.5274853286541473,0.028596419609805517,2.31149477190734
d61_seed4,61,17000,0.15500527881754486,0.005531818216603404,0.5210007804569318,0.02906907193797814,2.580461162168302
d61_seed4,61,19000,0.33784432287167676,0.0047615147180600755,0.5081152409549664,0.06930224415223754,2.7459007417417705
d61_seed4,61,21000,0.8003647183031001,0.005314949975317918,0.5000248892871175,0.11085122922873286,2.997953776868026
d61_seed4,61,23000,0.9993281504942892,0.01152279579066588,0.5059112056904022,0.04872894679988396,2.6958160234654405
d61_seed4,61,25000,0.9997120644975526,0.031041988240231563,0.5071903372676185,0.017244741475370334,2.613133926976554
d61_seed4,61,27000,0.9994241289951051,0.03526179595599212,0.5108401734427751,0.019199202062607276,2.5570531096678386
d61_seed4,61,29000,0.9998080429983683,0.024690841797501795,0.5232723723579578,0.007427624960542592,2.54406901800951
d61_seed4,61,31000,0.9997120644975526,0.02545932236861353,0.6024109719088839,0.024438514735464913,2.4798092861730754
d61_seed4,61,33000,0.9998080429983683,0.030183695424064183,0.603878550945704,0.03556512132211543,2.6614186953716006
d61_seed4,61,35000,0.9999040214991842,0.03496784640260638,0.6595256635217275,0.042777311759702175,2.6513276384142093
d61_seed4,61,37000,0.9995201074959209,0.03179671949093688,0.6259597931344679,0.035547582487312136,2.661517705182176
d61_seed4,61,39000,0.9999040214991842,0.036130552669165025,0.7020063432126025,0.03736544903733226,2.522081475769634
d61_seed4,61,-1,0.9998080429983683,0.037814140953589495,0.6552527062655225,0.050406369964347664,2.4750299275438588
d61_seed5,61,1000,0.0020155485171321624,0.016716502944162527,0.5355552355504355,0.019710602573324597,0.5699857154721876
d61_seed5,61,2000,0.002303484019579614,0.018755940505337132,0.5443131534548997,0.023304396163670353,0.655618144007474
d61_seed5,61,3000,0.003359247528553604,0.02002570975214001,0.5522088353413654,0.02866097729095316,0.7141285703695812
d61_seed5,61,4000,0.004127075535080142,0.022828451226655846,0.5629152288658841,0.031399982234235756,0.8123379189631696
d61_seed5,61,5000,0.005566753047317401,0.025326350063464908,0.5846502432927816,0.040718554489007755,0.9058529193147032
d61_seed5,61,6000,0.007294366062002112,0.030740789801342955,0.6455014391341373,0.06603918927726418,0.9948356713887836
d61_seed5,61,7000,0.012285248104424608,0.04367880564046064,0.788683730050792,0.16561561946770498,1.1372380239924356
d61_seed5,61,8000,0.023706689701506863,0.06174821633686487,0.9751213797198532,0.5031075775757539,1.2859761749523904
d61_seed5,61,9000,0.03743161531816873,0.06455495775852706,0.9976257397896144,0.7082403951104382,1.3289109718662462
d61_seed5,61,10000,0.052596218447067855,0.06481954533546953,0.9999982221937773,0.8094123338112372,1.473958953711217
d61_seed5,61,11000,0.0690085420865726,0.06590473475308953,1.0,0.8306679681038838,1.54768148015947
d61_seed5,61,13000,0.12160476053364047,0.07008492495693693,1.0,0.8131413251045845,1.6811560844852653
d61_seed5,61,15000,0.2080813897686918,0.07209470115448395,1.0,0.8233704290643657,1.8772810810977165
d61_seed5,61,17000,0.3561762165274978,0.07690543296331605,1.0,0.7779507218584346,2.0863550692861645
d61_seed5,61,19000,0.5851809194740378,0.08503831415582452,1.0,0.736812221419812,2.295260072746031
d61_seed5,61,21000,0.8186006334581054,0.09846065189021196,1.0,0.7086212373154458,2.3904742335787397
d61_seed5,61,23000,0.8839619925136769,0.11060353731629262,1.0,0.6981362776443459,2.3891169282863465
d61_seed5,61,25000,0.8977828966311546,0.11518758165721586,1.0,0.7021150354935538,2.403084512030784
d61_seed5,61,27000,0.9051732411939726,0.11675886665469438,1.0,0.7005540912472946,2.442730614931395
d61_seed5,61,29000,0.9125635857567905,0.11797723573705332,1.0,0.6993315117669074,2.4757975349836565
d61_seed5,61,31000,0.9150590267780018,0.11874051504817658,1.0,0.695554294477056,2.48805545375358
d61_seed5,61,33000,0.9182263173049237,0.11927109348602154,1.0,0.6880025301581751,2.482085534584796
d61_seed5,61,35000,0.9228332853440829,0.11944632678348918,1.0,0.6712982111847667,2.478289764422404
d61_seed5,61,37000,0.9284000383914003,0.11922565251612174,1.0,0.6549727532938806,2.4763135020273106
d61_seed5,61,39000,0.9316633074191382,0.11897785689729752,1.0,0.6421843982116813,2.481093496034639
d61_seed5,61,-1,0.9314713504175065,0.11906127767827321,1.0,0.6414041557155589,2.479707480863927
d61_seed6,61,1000,0.004319032536711776,0.017233492632022316,0.544428266407818,0.01687845228222895,0.541288922970267
d61_seed6,61,2000,0.006526538055475573,0.017767690018189567,0.552292836685387,0.019462612389234565,0.5824826541919007
d61_seed6,61,3000,0.007390344562817929,0.018793778003217666,0.558561825878103,0.025150735799025426,0.5884636751032205
d61_seed6,61,4000,0.008446108071791919,0.0171464676712543,0.5667588459193125,0.025661916159544988,0.5983352305257599
d61_seed6,61,5000,0.009693828582397543,0.017569705798650286,0.5747847521115893,0.026320361531364037,0.6582086307120897
d61_seed6,61,6000,0.013436990114214417,0.017707794802472372,0.5714055869338354,0.02628918799094406,0.731419444650938
d61_seed6,61,7000,0.017084173145215473,0.018535706160330692,0.572402047321646,0.025954985518073962,0.7680029743523772
d61_seed6,61,8000,0.022554947691717054,0.01808147242124495,0.5704829055042658,0.024966715700010553,0.8353332601432961
d61_seed6,61,9000,0.03397638928879931,0.01976885358219876,0.5683313155232705,0.02344691927004277,0.8716199147863167
d61_seed6,61,10000,0.048469142911987714,0.01851811485813328,0.5673477442305743,0.019341726147832132,0.9819060752664531
d61_seed6,61,11000,0.07639888664939054,0.015205318637587728,0.5551195485794439,0.014859580133181097,1.143823411750419
d61_seed6,61,13000,0.2522315001439677,0.007263782870605526,0.5254550739478498,0.013733841462323237,1.5810150213461296
d61_seed6,61,15000,0.8555523562721951,0.007748558378766757,0.5194665336867612,0.21907867525780292,2.0442783305625967
d61_seed6,61,17000,1.0,0.006469444992038393,0.5169607158158975,0.053675319796712036,1.97643851679434
d61_seed6,61,19000,1.0,0.014546615226083293,0.5245941712845184,0.09392102404379696,1.7952456609169185
d61_seed6,61,21000,1.0,0.022243948786727877,0.5201785450789436,0.03131284567200489,1.6979308923893706
d61_seed6,61,23000,1.0,0.02435509215437057,0.5219141284038322,0.07558112748587177,1.724220665840411
d61_seed6,61,25000,1.0,0.03804516205874478,0.502885823950961,0.0163553327780442,1.709376350288654
d61_seed6,61,27000,1.0,0.040282749321718644,0.5178531745396815,0.00817084374207527,1.7136424150829643
d61_seed6,61,29000,1.0,0.0431659217963919,0.5032280516488263,0.012991722065466964,1.5938543562125997
d61_seed6,61,31000,1.0,0.05520324411329906,0.5114610722660451,0.022430769879596493,1.5860771369884163
d61_seed6,61,33000,1.0,0.051659558159767506,0.5252355148793492,0.0038087225818223694,1.5411146520948544
d61_seed6,61,35000,1.0,0.05627933883211513,0.5013555772447915,0.004918625192525121,1.6606235982579562
d61_seed6,61,37000,1.0,0.05183006807130717,0.5016786935257631,0.007609730741287479,1.6944675077575388
d61_seed6,61,39000,1.0,0.05585473442956473,0.5154149133052796,0.01358315693466671,1.6476782554933846
d61_seed6,61,-1,1.0,0.006469444992038393,0.5169607158158975,0.053675319796712036,1.97643851679434
d61_seed7,61,1000,0.005086860543238315,0.014166366350578058,0.530544933163375,0.02067564331951717,0.7853592569505363
d61_seed7,61,2000,0.007966215567712832,0.013349176542665554,0.5299564793036688,0.02131251193283221,1.0098891625236939
d61_seed7,61,3000,0.011325463096266437,0.013459481090477093,0.5294724715595449,0.024786812420183026,1.156237866599804
d61_seed7,61,4000,0.015260581629714944,0.013516235164022183,0.5292395789443742,0.02116254631363528,1.3209972346004428
d61_seed7,61,5000,0.01861982915826855,0.01279233518421848,0.5272173243660787,0.01941228458763197,1.4994920374964429
d61_seed7,61,6000,0.0244745177080334,0.010705054201605165,0.5225883614137826,0.018191704130939422,1.609803461044698
d61_seed7,61,7000,0.033784432287167675,0.010392111161143643,0.5185789639300895,0.01893219636207397,1.7545677471755043
d61_seed7,61,8000,0.04482195988098666,0.00836887609431546,0.5154086909835002,0.017828633124521025,1.960299695847302
d61_seed7,61,9000,0.06545733755638737,0.007575020787659074,0.5162055926228153,0.020858524629917823,2.13290205178014
d61_seed7,61,10000,0.08810826374892024,0.007222718896068374,0.5133824363412037,0.025302316735677777,2.244711465979918
d61_seed7,61,11000,0.11882138400998177,0.0049797140260012486,0.5122019730093459,0.018154201694688527,2.4471718330806707
d61_seed7,61,13000,0.22718111143103945,0.0035877238248573284,0.5162295930068215,0.03240585976891903,2.7147066335281984
d61_seed7,61,15000,0.4632882234379499,0.0018966399396246735,0.5108939520810111,0.04140846159518527,3.2046603390442336
d61_seed7,61,17000,0.9202418658220558,0.0015848727205338368,0.5110966219903963,0.05324110299252887,3.599838658456689
d61_seed7,61,19000,0.9689029657356752,0.0009955379914382593,0.5156273611488895,0.06095493710298479,3.6475974967690226
d61_seed7,61,21000,0.9761973317976773,0.001488192693918475,0.5083641338261412,0.09516356760816143,3.44172888878629
d61_seed7,61,23000,0.9760053747960457,0.00044141719848815077,0.5090934788289946,0.16450568312675506,3.3478687167309484
d61_seed7,61,25000,0.9764852673001247,0.0007094184739279341,0.5100801612825805,0.1634912033498208,3.048568419767176
d61_seed7,61,27000,0.9776370093099146,0.0017690065960305754,0.5068818878879839,0.18597783312720642,2.8821533704930227
d61_seed7,61,29000,0.9828198483539687,0.0009509558728555449,0.5136326625670455,0.1265412678436947,2.5957020417287273
d61_seed7,61,31000,0.984739418370285,0.001972549332646437,0.5124415323978517,0.1507371431961119,2.4753036245765503
d61_seed7,61,33000,0.9835876763604953,0.003498690788987868,0.5135975508941476,0.12507920732142114,2.2102965578712634
d61_seed7,61,35000,0.9870429023898647,0.00431574463828316,0.5125815346378876,0.06114994080847052,1.8669900678813507
d61_seed7,61,37000,0.9849313753719167,0.006250837756235451,0.5080961295380726,0.09231328754446974,1.7887064900904455
d61_seed7,61,39000,0.9819560418466263,0.010023715972304684,0.5070725576053662,0.11113180436656822,1.7239828007344156
d61_seed7,61,-1,0.9742777617813609,0.00431574463828316,0.5125815346378876,0.06114994080847052,1.8669900678813507
d61_seed8,61,1000,0.008254151070160283,0.0508956607835124,0.9506116542309121,0.37978014324312964,0.5893813139054741
d61_seed8,61,2000,0.014780689125635857,0.05578606529677054,0.9998959983359734,0.7503725461665599,0.6843468666269494
d61_seed8,61,3000,0.02063537767540071,0.06211973390331535,0.9999995555484443,0.8173845392297514,0.7623394096705326
d61_seed8,61,4000,0.02764180823495537,0.06400357612009612,1.0,0.8866334583034828,0.8621208181160082
d61_seed8,61,5000,0.036471830310010556,0.06492400945045437,1.0,0.8516297221396708,0.8976492890951034
d61_seed8,61,6000,0.05058066992993569,0.06668061937535258,1.0,0.9420279477028494,0.98895732169903
d61_seed8,61,7000,0.06680103656780881,0.06792235825272198,0.9999995555484443,0.8574246521983226,1.096663182923179
d61_seed8,61,8000,0.09453882330358,0.07466326199031291,1.0,0.9078982689920841,1.1772918845181177
d61_seed8,61,9000,0.12218063153853537,0.07968888497323028,1.0,0.8232664378614167,1.232158989632733
d61_seed8,61,10000,0.1518379882906229,0.07785329624233081,0.9999995555484443,0.8285761257052844,1.345213732191941
d61_seed8,61,11000,0.18533448507534311,0.07734891398146938,1.0,0.8137039105153772,1.4022355581057522
d61_seed8,61,13000,0.27008350129570974,0.08093052145145802,0.9999995555484443,0.7787132900920541,1.513621973863133
d61_seed8,61,15000,0.43363086668586237,0.08595516091969227,0.9999977777422216,0.697560413835442,1.701533564428001
d61_seed8,61,17000,0.7432575103176888,0.09571876212589368,1.0,0.5195095693919201,1.7627045145656914
d61_seed8,61,19000,0.9722622132642288,0.10915131817879249,1.0,0.34201197486887897,1.6909229530041636
d61_seed8,61,21000,0.9912659564257607,0.10192868445923127,1.0,0.3400617942565632,1.692612306637631
d61_seed8,61,23000,1.0,0.11421664394636989,1.0,0.26364203834754785,1.6357152780262731
d61_seed8,61,25000,1.0,0.12663946230329623,1.0,0.22874771036450692,1.614857069873991
d61_seed8,61,27000,0.9990402149918418,0.15055380031737056,1.0,0.22990351884048224,1.6087982151621776
d61_seed8,61,29000,1.0,0.12740884966746432,1.0,0.23651140248749017,1.594504115066263
d61_seed8,61,31000,1.0,0.1292041238353942,1.0,0.21641668533160388,1.579157511502047
d61_seed8,61,33000,1.0,0.14259385541731656,1.0,0.2505316271476853,1.580780724806792
d61_seed8,61,35000,1.0,0.13676804684882785,1.0,0.223358303247506,1.5748967541664187
d61_seed8,61,37000,1.0,0.13870073581940343,1.0,0.22237676938794568,1.5905986894379063
d61_seed8,61,39000,1.0,0.13489409792304574,1.0,0.25002522339935235,1.5748346518875942
d61_seed8,61,-1,1.0,0.12533836700151293,1.0,0.24710293442638825,1.6523303449750562
d61_seed9,61,1000,0.0021115270179479797,0.01345025909937204,0.515040685095406,0.005299560322796249,0.5905782402720827
d61_seed9,61,2000,0.0035512045301852387,0.013334189214705548,0.5168078244807472,0.007048164599728916,0.6792651919199546
d61_seed9,61,3000,0.004990882042422497,0.012716722518585645,0.5150197958722895,0.005897264136194688,0.7289330898618887
d61_seed9,61,4000,0.005374796045685766,0.01250268476044843,0.5180096214872771,0.00655011474605075,0.8015148461736226
d61_seed9,61,5000,0.006238602553028122,0.013657721732088355,0.5192936420316059,0.009238308852297476,0.8751228654616936
d61_seed9,61,6000,0.009213936078318457,0.014466184310746555,0.5198492064761925,0.010483835318876597,0.96067584972917
d61_seed9,61,7000,0.011229484595450619,0.01177533330927376,0.5208847786009021,0.011506541764926692,1.0785215982115497
d61_seed9,61,8000,0.013341011613398599,0.010688055140527569,0.5202456572638495,0.01353397108511221,1.2051180482813255
d61_seed9,61,9000,0.01641232363950475,0.009544724051558167,0.5219541290438425,0.015815160982455116,1.302562592669351
d61_seed9,61,10000,0.02303484019579614,0.01038680474563676,0.523863492926998,0.01567751948944768,1.4020479583136949
d61_seed9,61,11000,0.02936942124964008,0.009750827500369423,0.524883509247259,0.013948671061286222,1.5561417840348077
d61_seed9,61,13000,0.05701122948459545,0.007726868375986498,0.523144370309925,0.011499130169719747,1.7736307377279785
d61_seed9,61,15000,0.09559458681255399,0.006262739266290324,0.5220927979292113,0.020982451421621074,1.913449851539986
d61_seed9,61,17000,0.16277953738362608,0.004442911289755408,0.5121188605684358,0.02017116568747163,2.129334940569066
d61_seed9,61,19000,0.32786255878683174,0.0038989100178401267,0.524137719536846,0.03500598663159366,2.372345716933864
d61_seed9,61,21000,0.6395047509357904,0.0033291809874756136,0.5252906268722521,0.09220987659505075,2.507377879819797
d61_seed9,61,23000,0.7861599001823592,0.0030299358835841074,0.5138126654470916,0.05705404564359987,2.643876301370803
d61_seed9,61,25000,0.9620884921777522,0.0017919407792029375,0.5202336570718464,0.2152049738357664,2.7417618916050226
d61_seed9,61,27000,0.988482579902102,0.002994431295929627,0.5174020562106771,0.346673890355783,2.2514080686225366
d61_seed9,61,29000,0.9929935694404454,0.005331076960528238,0.5097290445536018,0.20492253200631597,2.1947864715659895
d61_seed9,61,31000,0.9967367309722622,0.005848605838673849,0.5038107276383089,0.25984658081825907,1.9630593875726565
d61_seed9,61,33000,0.997408580477973,0.015285773264674623,0.5037596157094069,0.3826861407580389,1.5451961647692039
d61_seed9,61,35000,0.9993281504942892,0.010284880114934407,0.5003102271858573,0.22654936706170725,1.5240437373948508
d61_seed9,61,37000,0.9995201074959209,0.013251525501884853,0.505391197370269,0.13073075500281417,1.488675704433173
d61_seed9,61,39000,1.0,0.013972499589870709,0.5039138403992242,0.013406446478486413,1.496365064674903
d61_seed9,61,-1,1.0,0.015703181416622962,0.506869887695981,0.028378383595692117,1.5328105958456044
d63_seed0,63,1000,0.0011696958790714414,0.011145334487761888,0.5030490679351548,0.008179008622831607,0.46949755500583995
d63_seed0,63,2000,0.001079719272989023,0.010572740101240196,0.5052562622411895,0.008180871454289786,0.503627556167076
d63_seed0,63,3000,0.0016195789094835343,0.01001899922367642,0.5042400545060919,0.007441919400072507,0.5424723521408835
d63_seed0,63,4000,0.0019794853338132084,0.009137912494369642,0.5085610498471018,0.009216741163235155,0.5480777015221436
d63_seed0,63,5000,0.00314918121288465,0.008849459191693302,0.5087353839530793,0.010649596433051415,0.568294664190961
d63_seed0,63,6000,0.00440885369803851,0.009105281290856181,0.5109670384015341,0.01157532185921302,0.6037076937287639
d63_seed0,63,7000,0.004498830304120929,0.008078300676429106,0.5066153567000332,0.010003596603696848,0.6163062413562407
d63_seed0,63,8000,0.00566852618319237,0.008553435002108133,0.507541729002969,0.010414745195558059,0.655071450882386
d63_seed0,63,9000,0.006568292244016556,0.008751239101191296,0.5105432108428698,0.012072860622569851,0.6746168582879569
d63_seed0,63,10000,0.007018175274428649,0.0082234195371447,0.5079024049212028,0.012205161709264192,0.7359869176427213
d63_seed0,63,11000,0.01070721612380781,0.008137096026579048,0.5108674189124043,0.011976638342264234,0.7958674908453556
d63_seed0,63,13000,0.021594385459780457,0.008611553228816049,0.5031624740500126,0.01299230607391908,0.8980779132194014
d63_seed0,63,15000,0.0808889688680943,0.005446481273727582,0.5069030969208683,0.004257478101250995,1.1502129318970296
d63_seed0,63,17000,0.33939175814288286,0.006030947767140949,0.5144457153835618,0.04710027594566132,1.3813401642328833
d63_seed0,63,19000,0.8432607522044269,0.01317420630231823,0.5189063559012984,0.1299019115916371,1.597092148173453
d63_seed0,63,21000,0.9962209825445384,0.013295730580727668,0.5079713380498418,0.0347474548396593,1.8604653463400422
d63_seed0,63,23000,0.9988303041209285,0.021540150679364333,0.5134668649568879,0.07720946078053459,2.0172343490684757
d63_seed0,63,25000,0.9999100233939175,0.027475613717519283,0.5069195519257692,0.03396244288081379,1.9495167995709708
d63_seed0,63,27000,1.0,0.028008391581679216,0.5053394267254184,0.01826816887862516,1.9564927953078592
d63_seed0,63,29000,1.0,0.029487623751115865,0.5097360261430002,0.03392970074528069,1.8893357721239608
d63_seed0,63,31000,1.0,0.026907302405364864,0.5046118486708804,0.018102524754485316,1.9692022917080259
d63_seed0,63,33000,1.0,0.02735729876376906,0.5151221495039483,0.020723795840944574,1.9102996206923726
d63_seed0,63,35000,1.0,0.03327284592244807,0.5074527830305315,0.03595805826653873,1.9216498017576062
d63_seed0,63,37000,1.0,0.033482645094020234,0.5061119224960375,0.028427973617910066,1.9335436339222578
d63_seed0,63,39000,1.0,0.03185394165677707,0.5009921923225394,0.007514832928703584,2.012626233224375
d63_seed0,63,-1,1.0,0.026961694481316186,0.5068065905407737,0.03201241800960795,1.9423935257153062
d63_seed1,63,1000,0.0020694619398956273,0.013134830230652412,0.5127188293286892,0.012997385722601371,0.5005097102294522
d63_seed1,63,2000,0.0019794853338132084,0.012778742612607157,0.5152191006139051,0.014579545007222378,0.5627046182234345
d63_seed1,63,3000,0.00377901745546158,0.01175869010968902,0.5150634451621396,0.01481333966867164,0.6067441924143742
d63_seed1,63,4000,0.0049487133345330215,0.00953518160083002,0.5156144654613894,0.01220634143647582,0.6777640160307927
d63_seed1,63,5000,0.005488572971027532,0.009514671802156234,0.5157034114338269,0.016041008676698935,0.7583799928240165
d63_seed1,63,6000,0.010797192729890229,0.009123104589168094,0.5122225108024884,0.016923267845272042,0.882325691476687
d63_seed1,63,7000,0.02015475976246176,0.008686726595422554,0.5068185982470528,0.019458693924966568,1.025518898779681
d63_seed1,63,8000,0.04741767140543459,0.006881870632898659,0.5053487660525244,0.01886228474943788,1.2807026375880368
d63_seed1,63,9000,0.15080079179413353,0.004548608203182678,0.5031424612062141,0.035664622290754976,1.5965592286699763
d63_seed1,63,10000,0.3967068562173835,0.0038624190003003498,0.5015356522141321,0.07175831159986974,2.0005320467399152
d63_seed1,63,11000,0.9381860716213785,0.006890127934914631,0.5109092235194498,0.1777239331733684,2.3715382149511393
d63_seed1,63,13000,0.9974806550296923,0.006794180534788873,0.5084832221212191,0.04317216110632511,2.6099516300451397
d63_seed1,63,15000,0.9997300701817528,0.008898153548842302,0.5064952796372427,0.05564084757394435,2.356268154889716
d63_seed1,63,17000,1.0,0.007237832286134547,0.5023201556910302,0.07230400378568366,2.477632166816699
d63_seed1,63,19000,0.9999100233939175,0.013621204362410086,0.5054390462145484,0.09854524565793192,2.4053407624296375
d63_seed1,63,21000,0.9998200467878352,0.014275668199017148,0.5038731523697876,0.1156258181078343,2.436057306728736
d63_seed1,63,23000,1.0,0.012253735971586237,0.5031424612062141,0.07774630775073314,2.4875777021562544
d63_seed1,63,25000,0.9999100233939175,0.017550730322714904,0.5115932180474936,0.06624761090602775,2.3178263912398966
d63_seed1,63,27000,0.9999100233939175,0.008531567238435976,0.5163362620277191,0.040237833152285074,2.661388568093735
d63_seed1,63,29000,0.9999100233939175,0.0152274999243343,0.5104547096002946,0.07304067973688708,2.4617997759009818
d63_seed1,63,31000,0.9994601403635055,0.012718448015496151,0.5001240796315503,0.03815356539192463,2.6507098258551642
d63_seed1,63,33000,0.9998200467878352,0.015827285044524516,0.5156664988552653,0.09784567350327245,2.4857927771746238
d63_seed1,63,35000,0.9998200467878352,0.013035635802937682,0.50887992115829,0.06343389491899801,2.5991318553571547
d63_seed1,63,37000,0.9997300701817528,0.013522074040840965,0.5190081990397393,0.062142617666404665,2.500936165184169
d63_seed1,63,39000,0.9999100233939175,0.011738679428511527,0.5124462099231685,0.0214127628899146,2.489577116933535
d63_seed1,63,-1,0.9988303041209285,0.011402772103494642,0.5077609808250273,0.08889401630653239,2.4183651881188433
d63_seed2,63,1000,0.00125967248515386,0.01979896756196923,0.5434558890238891,0.02430259690277953,0.464033506137154
d63_seed2,63,2000,0.001439625697318697,0.02244611573128516,0.5528614808792843,0.029706171746006826,0.5039280592579161
d63_seed2,63,3000,0.0030592046068022316,0.02466024242338691,0.5697394238791473,0.03510917661757975,0.5478185899124537
d63_seed2,63,4000,0.0034191110311319055,0.0272432119077457,0.5953936659794108,0.04488651420953304,0.6141861924481188
d63_seed2,63,5000,0.004228900485873673,0.03258748498067829,0.6202211552658684,0.05865373413930375,0.6411508956647254
d63_seed2,63,6000,0.0047687601223681845,0.036307081138833165,0.6614449451114404,0.0812609510419988,0.6954342713953884
d63_seed2,63,7000,0.008007917941335253,0.04891827683338291,0.7749715817618062,0.1694477537857706,0.779609260334385
d63_seed2,63,8000,0.012956631275868274,0.06314231936530779,0.9739183725021747,0.49025064119394557,0.8433458566960844
d63_seed2,63,9000,0.0213244556415332,0.06696743192979718,0.9997914216946342,0.7505036765977167,0.9264335594769806
d63_seed2,63,10000,0.03311139103833004,0.06810702417514755,0.9998705836101035,0.7440817678364054,1.0140119966874872
d63_seed2,63,11000,0.045078279647291705,0.06841337219316027,0.9999275090324635,0.8140410648016957,1.1207650498129291
d63_seed2,63,13000,0.09726471117509447,0.0698448279733141,0.9999911054027563,0.7717338397883068,1.423132265639591
d63_seed2,63,15000,0.28135684721972287,0.07704552298967295,1.0,0.8291400199703451,1.8475883457581497
d63_seed2,63,17000,0.6418031311858917,0.09390308596238374,1.0,0.697280505285366,2.086375880582449
d63_seed2,63,19000,0.96131005938456,0.11285858165206718,1.0,0.580375376005061,2.702296007134256
d63_seed2,63,21000,0.9965808889688681,0.12879614541822482,1.0,0.4528315862478891,2.1545288630792085
d63_seed2,63,23000,0.9991902105452583,0.16865137252217358,1.0,0.38468535428383416,2.0041184535069783
d63_seed2,63,25000,0.999370163757423,0.1511423793124819,1.0,0.3472560437984896,1.9064779745844946
d63_seed2,63,27000,0.999550116969588,0.15562174102609827,1.0,0.30813141145658984,1.8019591761123104
d63_seed2,63,29000,0.999550116969588,0.1613269024433394,1.0,0.3178702048435573,1.8375813189850017
d63_seed2,63,31000,0.9997300701817528,0.167322345703068,1.0,0.2852055342812705,1.8088115196908032
d63_seed2,63,33000,0.9997300701817528,0.1736786818264389,1.0,0.3438566730489323,1.8665758953750802
d63_seed2,63,35000,0.9997300701817528,0.16219632457592123,1.0,0.2971589162454047,1.7911536202578349
d63_seed2,63,37000,0.999550116969588,0.16276208762317138,1.0,0.3358858860708972,1.8665576459191877
d63_seed2,63,39000,0.999550116969588,0.1760533577099521,1.0,0.32390240719286906,1.784305248430422
d63_seed2,63,-1,0.9996400935756703,0.16884381642367452,1.0,0.2954288984991523,1.843539930931447
d63_seed3,63,1000,0.003599064243296743,0.015436843616908332,0.5113877528511631,0.0129736281648567,0.53427364459535
d63_seed3,63,2000,0.005578549577109951,0.014147240728000643,0.5103871106612421,0.0149033530013713,0.5911278524112492
d63_seed3,63,3000,0.007288105092675904,0.011607839972533458,0.5084761064434241,0.014776896334695824,0.6596418530220682
d63_seed3,63,4000,0.007917941335252834,0.011186771173736574,0.5070809888657432,0.01491736986195622,0.760803653932661
d63_seed3,63,5000,0.010257333093395717,0.010340023528540078,0.503905172919865,0.012151987013334387,0.8301451498040675
d63_seed3,63,6000,0.015296023034011157,0.009451326247243996,0.5028960808625624,0.007975519691045431,0.9181968775338206
d63_seed3,63,7000,0.017815368004318877,0.00818501750524618,0.5015779015510399,0.012908416925145298,0.9609754979177337
d63_seed3,63,8000,0.02321396436926399,0.008794223327717733,0.50143558799514,0.012829410720023662,1.0970498122314696
d63_seed3,63,9000,0.03023213964369264,0.00889531375828428,0.501402233255476,0.008227400559912402,1.208019249839835
d63_seed3,63,10000,0.036440525463379524,0.0074522287001618755,0.5056671926338503,0.005288894280109294,1.3504254153696438
d63_seed3,63,11000,0.04921720352708296,0.0067935527333211785,0.5035262630772817,0.003890385677571242,1.4501659483236964
d63_seed3,63,13000,0.07728990462479755,0.006771871487828933,0.5032803274634922,0.0038938091168921655,1.6189310101209342
d63_seed3,63,15000,0.1526003239157819,0.005553680471511312,0.5074510041110829,0.011137437558252188,1.8289102339646022
d63_seed3,63,17000,0.3688141083318337,0.005330160568076343,0.5071201250936156,0.018904579104553558,2.1003001641353563
d63_seed3,63,19000,0.9335972647111751,0.00967947273660432,0.5453802351375727,0.21039001912198357,2.5674608133797023
d63_seed3,63,21000,1.0,0.015325252784708282,0.572952152403587,0.17258164250611807,2.2700122341618947
d63_seed3,63,23000,1.0,0.013714144625683912,0.5436448992153187,0.3626276956635602,2.156075668804611
d63_seed3,63,25000,1.0,0.010482968215488109,0.5081354433689889,0.050181680161083,2.3728140733841796
d63_seed3,63,27000,1.0,0.010513883940157107,0.5283733204776755,0.08227287276686174,2.5704020588641
d63_seed3,63,29000,1.0,0.016405025827196485,0.5160440745082622,0.00804077444769829,2.4515996928293817
d63_seed3,63,31000,0.8979665287025373,0.021578345671126604,0.5164865807211384,0.019781833878402266,2.4645130030722466
d63_seed3,63,33000,1.0,0.024436038253755055,0.5185625797178278,0.014002526047722895,2.4459271324387966
d63_seed3,63,35000,1.0,0.034136488698863675,0.5118547192064596,0.005646788849919463,2.4902398169452233
d63_seed3,63,37000,1.0,0.02941152853007827,0.5167765445912844,0.009780223318849706,2.507281187723818
d63_seed3,63,39000,1.0,0.0505044350507912,0.502890299374354,0.01031017199924136,2.4165592500205064
d63_seed3,63,-1,1.0,0.013216355094683998,0.5694103237811289,0.182322165340727,2.293218592899626
d63_seed4,63,1000,0.003599064243296743,0.018108056247856105,0.5484270794234166,0.027203659116234576,0.5240971648928772
d63_seed4,63,2000,0.005938456001439625,0.017577632688044804,0.5511919649766339,0.029633943974536794,0.5793081281308085
d63_seed4,63,3000,0.007468058304840742,0.01666805530776362,0.5525710722792762,0.030041228295786936,0.642911747881929
d63_seed4,63,4000,0.008997660608241857,0.013444421837765856,0.5509873892400278,0.02478429904471751,0.7102882168572655
d63_seed4,63,5000,0.011696958790714414,0.012246535704207565,0.5446788961449036,0.024962652704519306,0.7959705884034487
d63_seed4,63,6000,0.014846140003599064,0.012084647596848509,0.5430929894563444,0.02453653339267686,0.866897571030818
d63_seed4,63,7000,0.01835522764081339,0.011592790420907885,0.5428817427718056,0.022501400095288053,0.9144249362616189
d63_seed4,63,8000,0.031221882310599244,0.010026342617406293,0.5370553368472922,0.02019735518568934,1.0402707433000575
d63_seed4,63,9000,0.05830484074140723,0.007834893271274675,0.5289425747012749,0.016957406982568056,1.2027691291015916
d63_seed4,63,10000,0.15305020694619398,0.007527836807023197,0.5220461487283394,0.011813905219597819,1.3727758393329932
d63_seed4,63,11000,0.7479755263631456,0.0064195885977363434,0.504537578783895,0.025064591908482533,1.6263345694454292
d63_seed4,63,13000,1.0,0.010459660699169357,0.5043054297958334,0.001983438745072083,1.9871957706361676
d63_seed4,63,15000,1.0,0.017628652767637483,0.5041577794815872,0.21099514270393038,1.7972820507277978
d63_seed4,63,17000,1.0,0.013654511489826339,0.5026070064521408,0.24518310875492463,1.8598058628520648
d63_seed4,63,19000,1.0,0.006980819011907886,0.504718139107943,0.021654569642164386,2.021448192227013
d63_seed4,63,21000,1.0,0.007339272176604793,0.5078752763996093,0.04675612275226656,1.8646310639555461
d63_seed4,63,23000,1.0,0.007302995748741847,0.5216752440232754,0.0625140366184535,1.8601829453823782
d63_seed4,63,25000,1.0,0.009387125437595708,0.5084956745573603,0.10883911967172863,1.834066858646748
d63_seed4,63,27000,1.0,0.008892412609618322,0.5096074992128281,0.08598234776710319,1.8510679390465556
d63_seed4,63,29000,1.0,0.010750258578722888,0.50140712528396,0.17642196215155878,1.7440985234540063
d63_seed4,63,31000,1.0,0.007732163681842955,0.5064379094850207,0.07034010208117755,1.84557959858346
d63_seed4,63,33000,1.0,0.008136133422285027,0.5058450845787252,0.07402603539926564,1.969575148267061
d63_seed4,63,35000,1.0,0.007820421448024506,0.5034711165743704,0.06913378993379377,1.9962590772993412
d63_seed4,63,37000,1.0,0.010853118242938529,0.5051433008561939,0.21960323975833718,1.8113034865934827
d63_seed4,63,39000,1.0,0.00794061360917798,0.5019163409761642,0.10924608794136031,2.028073217695717
d63_seed4,63,-1,1.0,0.010274341290467314,0.5022285413394196,-0.00011623653082467526,1.644484317432853
d63_seed5,63,1000,0.0053086197588626954,0.012035224263475421,0.5215333751972377,0.011862936780979804,0.602841966862855
d63_seed5,63,2000,0.00827784775958251,0.010869791554374114,0.5149940673036384,0.011688264917131815,0.7163624104376225
d63_seed5,63,3000,0.01187691200287925,0.009860234951265383,0.5083253430201427,0.012144466111147558,0.8253541128984246
d63_seed5,63,4000,0.018085297822566133,0.008905854211945077,0.5080060269790924,0.018265486629207683,0.9429569877359838
d63_seed5,63,5000,0.029332373582868453,0.007765139406226192,0.5100237663638353,0.015661984793350528,1.0645249731255157
d63_seed5,63,6000,0.04678783516285766,0.005977079414553272,0.5066580507668033,0.010362671054889232,1.2098401399868643
d63_seed5,63,7000,0.09294583408313839,0.005550437735443168,0.5115945522370802,0.00940854832533239,1.4935981136418384
d63_seed5,63,8000,0.2256613280547058,0.004988250813193349,0.5069555750446064,0.008520448609085528,1.7984102483775246
d63_seed5,63,9000,0.472917041569192,0.00481970339785598,0.5079264203337608,0.026653357159441622,1.9714797635715187
d63_seed5,63,10000,0.6729350368904085,0.00682577346090061,0.50895107793624,0.021832786285336903,2.0580359658406433
d63_seed5,63,11000,0.8576570091776138,0.006419751110947549,0.5006546423571394,0.0337444688718759,2.3184655036668596
d63_seed5,63,13000,0.9796652870253734,0.01561969695604554,0.5047568306059533,0.16629307627045084,1.9491500367908283
d63_seed5,63,15000,0.9901925499370163,0.016724965722573832,0.5108082698407334,0.2075349526575173,2.0380693232393337
d63_seed5,63,17000,0.999370163757423,0.017783413183095165,0.5079153020872063,0.13097331179967933,2.067354440213058
d63_seed5,63,19000,0.9998200467878352,0.013175442383743264,0.5041573347517251,0.004659853623733651,2.2567645408188617
d63_seed5,63,21000,1.0,0.028642530915755183,0.5157412134721128,0.043139932893497476,2.168074398952562
d63_seed5,63,23000,1.0,0.037177853550073955,0.5251401343795752,0.037952182831340844,2.128891374523709
d63_seed5,63,25000,1.0,0.03622908183548279,0.5167938890559096,0.039092843866810015,2.1467083110727194
d63_seed5,63,27000,0.9999100233939175,0.04102852319454906,0.5116230149482601,0.034732297839529566,2.1642819021577124
d63_seed5,63,29000,1.0,0.0415761957777647,0.512761078665597,0.01982941365648122,2.164374039584821
d63_seed5,63,31000,1.0,0.05461484802975467,0.5134317312977751,0.029025211877054327,2.0714213715997474
d63_seed5,63,33000,0.9997300701817528,0.0466349403693826,0.5206826069708738,0.012426951957516986,2.175585746698251
d63_seed5,63,35000,1.0,0.05235031154338905,0.5293130346764768,0.01679485503466934,2.097913310321645
d63_seed5,63,37000,1.0,0.05564314867482634,0.5292214203248663,0.011442659950447805,2.139168257374105
d63_seed5,63,39000,1.0,0.06461243996452062,0.5385051561980222,0.012697788786938124,2.1356078483211345
d63_seed5,63,-1,0.9999100233939175,0.015537921562812364,0.5004665216254343,0.04493669533049875,2.1241487057661144
d63_seed6,63,1000,0.0022494151520604643,0.01297241405281254,0.5198629698348629,0.014036349818307483,0.5694227731130007
d63_seed6,63,2000,0.004138923879791255,0.012996453088586777,0.5248728517324007,0.011702434386438282,0.5887512064917254
d63_seed6,63,3000,0.004318877091956092,0.012738116686744284,0.5250151652883006,0.01454607476253338,0.6839229973525559
d63_seed6,63,4000,0.0045888069102033475,0.012704720226841312,0.5225131150836358,0.017474630338746758,0.7351880236209708
d63_seed6,63,5000,0.0049487133345330215,0.01307515211990061,0.5190322144522974,0.01659782937771063,0.8026188990778876
d63_seed6,63,6000,0.007198128486593486,0.012893137718885093,0.5192830420945709,0.018825762587723834,0.9000480602541933
d63_seed6,63,7000,0.008457800971747345,0.011528131657687018,0.5180942791729448,0.015812387567117496,0.9409067587903763
d63_seed6,63,8000,0.011157099154219903,0.011282788823702984,0.5169962411432047,0.016735202507843657,1.0682336755484094
d63_seed6,63,9000,0.015385999640093576,0.01101198272115515,0.5187502557196707,0.019753502671974905,1.213894134207601
d63_seed6,63,10000,0.022944034551016734,0.010346757199070444,0.523012546718872,0.019504583477295077,1.3345222449704175
d63_seed6,63,11000,0.03212164837142343,0.00955025181961373,0.5212856606639995,0.022641274298607034,1.436383423700001
d63_seed6,63,13000,0.055875472377181934,0.007992268723745097,0.5205278409788326,0.017450696520556447,1.7420008103332578
d63_seed6,63,15000,0.13901385639733668,0.005617873001776199,0.5140579109437345,0.025682335665167217,2.009511393737857
d63_seed6,63,17000,0.5236638473996761,0.007783469196491724,0.5034342039958088,0.10414832182837498,2.4942962736743155
d63_seed6,63,19000,1.0,0.007810538048861643,0.5104822828517501,0.11246652980557868,2.470499882247288
d63_seed6,63,21000,1.0,0.00753662697317329,0.5022507778325289,0.13130417117417975,2.3870423601934267
d63_seed6,63,23000,1.0,0.010867673726658785,0.5008307553825655,0.13925273904894117,2.428370998315207
d63_seed6,63,25000,1.0,0.018928270178298817,0.5005674753041508,0.10047754191954066,2.3149714577855116
d63_seed6,63,27000,1.0,0.02073048480943519,0.5073878524706523,0.012145840938878612,2.436131540810799
d63_seed6,63,29000,1.0,0.01725000121935424,0.5031856000028463,0.047552870772721176,2.40577155732724
d63_seed6,63,31000,1.0,0.017414831905569708,0.5109354625813188,0.02241627594331817,2.5924459491063336
d63_seed6,63,33000,1.0,0.022182881454378484,0.5040817306751533,0.026787662273247123,2.469028649779384
d63_seed6,63,35000,1.0,0.020688149153972685,0.5028186978665419,0.010685090995875482,2.544457194410755
d63_seed6,63,37000,1.0,0.025922034711035342,0.5039496459060837,0.02114047510576817,2.351709626412564
d63_seed6,63,39000,1.0,0.023876696134888544,0.503270543406524,0.035546792510976935,2.5550189750829615
d63_seed6,63,-1,1.0,0.007769282472408561,0.5086153068902888,0.12360224095302715,2.477681675914115
d63_seed7,63,1000,0.0026093215763901387,0.0146364590441488,0.5363597793428315,0.019507774048286672,0.5184043384354027
d63_seed7,63,2000,0.003599064243296743,0.015615887469687329,0.5387902280396841,0.02235110930088072,0.562297539470652
d63_seed7,63,3000,0.005218643152780277,0.016850928662088458,0.547752868952341,0.02671294746884295,0.6301369356453427
d63_seed7,63,4000,0.006658268850098974,0.016590184789000807,0.549181341269686,0.02616002385125292,0.6930560956159003
d63_seed7,63,5000,0.007827964729170417,0.0169594116629462,0.5400630449052637,0.024292949146923405,0.7538696213502386
d63_seed7,63,6000,0.011067122548137484,0.01620351941562041,0.541204666461498,0.02441282488803598,0.8625203975297706
d63_seed7,63,7000,0.016015835882670505,0.01775282524359827,0.543006267133218,0.022140013672598817,0.9019702494807099
d63_seed7,63,8000,0.022404174914522224,0.01622629383869429,0.5380586474163863,0.022291046257912464,0.9850631422768772
d63_seed7,63,9000,0.03383120388698938,0.015518068162721195,0.5342686595308278,0.020059041364933528,1.0774527235884062
d63_seed7,63,10000,0.04390858376822026,0.01584034205732323,0.5297390858844521,0.018923840544611666,1.1508337358152176
d63_seed7,63,11000,0.06415332013676445,0.014686551668689393,0.5276999994663242,0.021104726755786927,1.2210542444937122
d63_seed7,63,13000,0.13091596184991902,0.010225798095475722,0.5105663367957035,0.018652870757676455,1.4109591444757374
d63_seed7,63,15000,0.30978945474176717,0.008806427661312816,0.5064957243671049,0.03189690154208423,1.7947221414488932
d63_seed7,63,17000,0.8229260392298002,0.0052148818865257705,0.5079602198032871,0.07431683179755963,2.1677089447889193
d63_seed7,63,19000,0.9957710995141263,0.004613478341481201,0.5017918166147519,0.0858639926657684,2.483329017974699
d63_seed7,63,21000,0.9990102573330933,0.007810613083567755,0.511144930346409,0.13796536742661691,2.1163123791605667
d63_seed7,63,23000,0.9997300701817528,0.020350917013245214,0.5063649737876219,0.1340644303563492,2.018278902263411
d63_seed7,63,25000,0.9999100233939175,0.020309538313384085,0.5021071300870426,0.10525431454158245,2.0134499797869703
d63_seed7,63,27000,0.981734748965269,0.018703702202373784,0.5049814191863579,0.04015660260693674,1.96256185372463
d63_seed7,63,29000,1.0,0.03364553642241057,0.5077004975637698,0.0306333209805924,1.7674060594580527
d63_seed7,63,31000,0.9999100233939175,0.03604313453510495,0.5016953102346573,0.03928542300963171,1.8152870240710364
d63_seed7,63,33000,1.0,0.0334288801325585,0.5077409679812288,0.0017706359971233598,1.3762105130537596
d63_seed7,63,35000,1.0,0.032407230607806335,0.5034671140056107,0.006702902302624206,1.3283409107282986
d63_seed7,63,37000,1.0,0.03217879917972001,0.5153262805106922,0.010274465663642925,1.3334618610516582
d63_seed7,63,39000,1.0,0.03193723177886513,0.5107455629301649,0.005809089447251931,1.3852587051992007
d63_seed7,63,-1,1.0,0.02152700069341875,0.5012163361730817,0.10384932015134223,1.98895495052912
d63_seed8,63,1000,0.002699298182472557,0.021790918484114366,0.5572442936711383,0.029740872247923215,0.4921630829582718
d63_seed8,63,2000,0.0036890408493791614,0.023989819120377447,0.5715290168445882,0.03759952291595468,0.5768397146657585
d63_seed8,63,3000,0.005938456001439625,0.0274031546145431,0.5894983269262585,0.0457419712334292,0.6970336094207161
d63_seed8,63,4000,0.008457800971747345,0.030716373549282104,0.6310721191733717,0.06395837611167127,0.7843204004656508
d63_seed8,63,5000,0.009537520244736369,0.03788009839924157,0.7057916280492903,0.107313399910472,0.8571358758477053
d63_seed8,63,6000,0.015296023034011157,0.04810545214886772,0.8476653461154625,0.23604495013121526,0.9312187034520942
d63_seed8,63,7000,0.022944034551016734,0.06110500523815635,0.9880345430578558,0.5554151388179069,0.9663745874297016
d63_seed8,63,8000,0.03275148461400036,0.06597168377291092,0.9997896427751854,0.7550790566557491,0.9727183078817788
d63_seed8,63,9000,0.04489832643512687,0.07345926968938385,0.9999897712131697,0.8696229987862378,1.0838588421278892
d63_seed8,63,10000,0.0654129926219183,0.07204220632822275,0.9999937737819293,0.85710525503076,1.1879655101581617
d63_seed8,63,11000,0.09096634874932517,0.07088134168673063,0.9999991105402756,0.8189111576316501,1.2783916777387003
d63_seed8,63,13000,0.16987583228360625,0.07349233869435515,1.0,0.8915021964627164,1.538660901978382
d63_seed8,63,15000,0.23537880151160698,0.08353118698758041,1.0,0.7628126448077479,1.6831009544411142
d63_seed8,63,17000,0.3668346229980205,0.08304916900072114,1.0,0.7996371297201011,1.9853694456723752
d63_seed8,63,19000,0.6304660788195069,0.09306104351152666,0.9999986658104134,0.7945558373725243,2.1349047909482133
d63_seed8,63,21000,0.9335072881050926,0.1229012419995108,0.9999995552701378,0.7882698701799978,2.2524311239237402
d63_seed8,63,23000,0.9883030412092856,0.13394647938999638,1.0,0.7359286043400208,2.11258802412042
d63_seed8,63,25000,0.993341731149901,0.14388822963633283,1.0,0.681300004855555,1.994112574514732
d63_seed8,63,27000,0.9942414972107252,0.1730381076521508,1.0,0.6845865345734443,1.985001727500011
d63_seed8,63,29000,0.9953212164837142,0.1800470672883892,1.0,0.6352216416026838,1.893747384556271
d63_seed8,63,31000,0.997210725211445,0.2030960265913002,1.0,0.6606851522342774,2.180380627658183
d63_seed8,63,33000,0.9968508187871153,0.19127151940725262,1.0,0.6532011769822941,2.040235343019272
d63_seed8,63,35000,1.0,0.20158027002426787,1.0,0.7045430193224703,2.1709350371398237
d63_seed8,63,37000,1.0,0.20132086422602685,1.0,0.7163561818250903,2.195950887210515
d63_seed8,63,39000,1.0,0.21142752586730212,1.0,0.7980648293010342,2.1712962277402585
d63_seed8,63,-1,1.0,0.20158027002426787,1.0,0.7045430193224703,2.1709350371398237
d63_seed9,63,1000,0.00314918121288465,0.013525568158967001,0.5193506410336234,0.0161912079895766,0.5511894372872338
d63_seed9,63,2000,0.0047687601223681845,0.01285411871451553,0.5184398342758642,0.017563630598468858,0.6372477856466263
d63_seed9,63,3000,0.006658268850098974,0.011238877429068424,0.5121117730668038,0.015137948539288864,0.7148875787828742
d63_seed9,63,4000,0.010167356487313298,0.010850931456267797,0.5096866611282974,0.012400105614073273,0.8235159050738275
d63_seed9,63,5000,0.013046607881950693,0.010319007650130808,0.5102919384707341,0.011756571672323548,0.9511337986535863
d63_seed9,63,6000,0.02096454921720353,0.009223129741846678,0.5196881909990234,0.013988614691124696,1.1044998668615056
d63_seed9,63,7000,0.03617059564513227,0.00786159404568561,0.5103626505188219,0.014373518774699993,1.2629338398664836
d63_seed9,63,8000,0.06532301601583589,0.005968086701355783,0.5007306911635734,0.014246761892787584,1.4749891705427047
d63_seed9,63,9000,0.13055605542558935,0.004414269892585643,0.5086771243411328,0.02023967728577823,1.6944645196237629
d63_seed9,63,10000,0.29287385279827244,0.0039964625227291795,0.5038944994031725,0.027040930451417703,1.9597935807910953
d63_seed9,63,11000,0.77901745546158,0.003912021288889333,0.5023343870466201,0.048122126772440536,2.3332983163081815
d63_seed9,63,13000,0.9997300701817528,0.008730236647685468,0.5156589384476081,0.02913380163187522,2.319335977724604
d63_seed9,63,15000,1.0,0.010865988576741233,0.5101736403273923,0.04701289470527144,2.5203335872223906
d63_seed9,63,17000,1.0,0.01514292463922877,0.5016926418554841,0.06364060444887576,2.6590177743363936
d63_seed9,63,19000,1.0,0.011612427076049921,0.5453041863311388,0.03956944382808598,2.7408119720761013
d63_seed9,63,21000,1.0,0.018845589515195875,0.5420883446976638,0.05036346505249182,2.7542447477214145
d63_seed9,63,23000,1.0,0.025912392035974532,0.5892039157574905,0.023702465599774125,2.797888152625625
d63_seed9,63,25000,1.0,0.02968083700324915,0.6529248104116597,0.028076161439109616,2.8192828448724576
d63_seed9,63,27000,1.0,0.03344002729996006,0.5570637333470904,0.04125415726925641,2.8716715772815604
d63_seed9,63,29000,1.0,0.033979977175666594,0.6003572959712812,0.03046740814169782,2.6960247213303177
d63_seed9,63,31000,0.999550116969588,0.0377961524086452,0.5604694746317193,0.030050618664244088,2.76134186190136
d63_seed9,63,33000,1.0,0.03747664123230937,0.6853269387108882,0.03235956514228825,2.6532999601098965
d63_seed9,63,35000,1.0,0.04175000896281951,0.660367364655361,0.03370933267630174,2.6534824492425386
d63_seed9,63,37000,1.0,0.044580844724623835,0.6627284354937124,0.03895798121465333,2.644704815495077
d63_seed9,63,39000,1.0,0.04431227702768397,0.6033414333465567,0.04194380484820048,2.6041973457067527
d63_seed9,63,-1,1.0,0.008415496889337137,0.5107179896787093,0.01829423905769605,2.4500231745077876
